event_id,document_id,from_status,to_status,planned_timestamp,actual_timestamp,variance_days,days_in_previous_status,review_cycle,target_revision,approval_class,actioned_by_user_id,actioned_by_name,entered_by,comments
9442d2e1-c1e6-43ee-9325-661ab3d6da64,97d3c394-ab56-5230-b04d-3b31d86a1ef5,REQUIREMENT_DRAFT,PLANNED,2026-04-26T10:47:01Z,2026-04-30T08:51:19Z,,,1,A,INTERNAL,f9d52f09,,Angie Henderson,
d10f8afa-a454-4f97-b8bf-7469246b31cc,97d3c394-ab56-5230-b04d-3b31d86a1ef5,PLANNED,IN_PROGRESS,2026-05-01T08:37:02Z,2026-05-03T07:26:19Z,2,3,1,A,INTERNAL,035578cc,,Angie Henderson,
d3f72a3f-38a1-49e4-a4d5-57aac307f6ef,97d3c394-ab56-5230-b04d-3b31d86a1ef5,IN_PROGRESS,SUBMITTED,2026-05-09T12:35:40Z,,,,1,A,INTERNAL,1609616d,Allison Hill,Angie Henderson,
81906a99-4b52-436c-8dc7-3659e903f5ac,97d3c394-ab56-5230-b04d-3b31d86a1ef5,SUBMITTED,UNDER_REVIEW,2026-05-19T16:36:18Z,,,,1,A,INTERNAL,58d2273f,,Angie Henderson,
49289929-592a-43bf-9abc-7be6144fad0e,97d3c394-ab56-5230-b04d-3b31d86a1ef5,UNDER_REVIEW,APPROVED_DRAFT,2026-05-29T10:48:06Z,,,,1,A,INTERNAL,b2363e5b,,Angie Henderson,
a4a02c60-89b0-46b1-9a70-be71b7a4c941,97d3c394-ab56-5230-b04d-3b31d86a1ef5,APPROVED_DRAFT,APPROVED_FINAL,2026-06-05T13:25:50Z,,,,1,A,INTERNAL,92956dc1,,Angie Henderson,
60edcb5b-72d3-404b-86ff-fac87b7e5aa5,7210ce16-c3ac-5c1a-a2e7-fad439c8a9c3,REQUIREMENT_DRAFT,PLANNED,2025-05-26T17:34:17Z,2025-06-24T17:00:37Z,,,1,A,CERTIFICATION,da20ae6c,,Connie Lawrence,
52983622-54ab-40da-8a4b-d35cab25e44b,7210ce16-c3ac-5c1a-a2e7-fad439c8a9c3,PLANNED,IN_PROGRESS,2025-06-20T12:26:16Z,2025-08-03T09:08:37Z,44,40,1,A,CERTIFICATION,1f6ddb12,,Connie Lawrence,
073d492c-c525-4a7a-a349-2ee1061570aa,7210ce16-c3ac-5c1a-a2e7-fad439c8a9c3,IN_PROGRESS,SUBMITTED,2025-07-11T07:25:02Z,2025-08-10T07:21:32Z,30,7,1,A,CERTIFICATION,316ec17c,Cristian Santos,Connie Lawrence,
44902cb1-cbe1-4683-87a5-95da3fd9d394,7210ce16-c3ac-5c1a-a2e7-fad439c8a9c3,SUBMITTED,UNDER_REVIEW,2025-07-26T10:35:48Z,2025-09-04T11:10:53Z,40,25,1,A,CERTIFICATION,3313b989,,Connie Lawrence,
30417bef-a3b2-4763-8080-0e0741b49b45,7210ce16-c3ac-5c1a-a2e7-fad439c8a9c3,UNDER_REVIEW,REVISION_REQUIRED,2025-08-10T14:03:44Z,2025-09-09T13:14:51Z,30,5,1,A,CERTIFICATION,9ad91db2,,Connie Lawrence,Client comments received -- scope clarification needed.
bfd3c951-befb-4619-8601-9b8318bb2a1c,7210ce16-c3ac-5c1a-a2e7-fad439c8a9c3,REVISION_REQUIRED,IN_PROGRESS,2025-09-04T08:31:10Z,2025-09-08T11:17:42Z,4,-1,1,A,CERTIFICATION,b85f8c46,,Connie Lawrence,
1777e99e-87c1-4a22-9fb4-14aa5244f4e7,7210ce16-c3ac-5c1a-a2e7-fad439c8a9c3,IN_PROGRESS,SUBMITTED,2025-09-27T12:04:35Z,2025-10-26T10:49:35Z,29,48,1,A,CERTIFICATION,804e2a5f,Cristian Santos,Connie Lawrence,
46ea50cd-d40e-4f53-8f74-144f44ab690f,7210ce16-c3ac-5c1a-a2e7-fad439c8a9c3,SUBMITTED,UNDER_REVIEW,2025-10-21T09:44:22Z,2025-10-28T17:52:34Z,7,2,2,A,CERTIFICATION,964c126e,,Connie Lawrence,
fc80af5e-cb45-48fa-b500-179adcb43da8,7210ce16-c3ac-5c1a-a2e7-fad439c8a9c3,UNDER_REVIEW,APPROVED_DRAFT,2025-11-18T08:47:43Z,2025-12-19T08:46:08Z,31,52,2,A,CERTIFICATION,165ccb27,,Connie Lawrence,
d19af855-9fae-44bc-8267-ac862b050f3d,7210ce16-c3ac-5c1a-a2e7-fad439c8a9c3,APPROVED_DRAFT,APPROVED_CERTIFICATION,2025-12-04T09:09:34Z,2026-01-14T08:02:48Z,41,26,2,A,CERTIFICATION,595aaac1,,Connie Lawrence,Regulatory acceptance confirmed in writing.
fde5a4b8-7446-401f-b6e8-3e3f7d023518,7210ce16-c3ac-5c1a-a2e7-fad439c8a9c3,APPROVED_CERTIFICATION,APPROVED_FINAL,2025-12-26T17:24:10Z,2026-01-31T12:55:50Z,36,17,2,A,CERTIFICATION,f7fcadf7,,Connie Lawrence,
fd45f6fa-5c24-49f0-ab90-0303862dcab2,3a3c1254-b00e-5268-b51d-0c869824404e,REQUIREMENT_DRAFT,PLANNED,2026-02-07T10:24:58Z,2026-02-19T17:50:06Z,,,1,B,CERTIFICATION,84136668,,Gabrielle Davis,
0091484e-1d18-43c7-8b77-9a967103723d,3a3c1254-b00e-5268-b51d-0c869824404e,PLANNED,IN_PROGRESS,2026-03-09T10:36:28Z,2026-03-16T16:55:56Z,7,25,1,B,CERTIFICATION,6a0709d1,,Gabrielle Davis,
212cf14f-d0a5-4f66-bce1-e2599ee17bea,3a3c1254-b00e-5268-b51d-0c869824404e,IN_PROGRESS,SUBMITTED,2026-04-08T08:56:52Z,2026-05-10T09:56:56Z,32,55,1,B,CERTIFICATION,95a8018c,Gina Moore,Gabrielle Davis,
443a4510-3cfd-4fd9-89db-bc18b0b5e6b0,3a3c1254-b00e-5268-b51d-0c869824404e,SUBMITTED,UNDER_REVIEW,2026-05-08T09:49:28Z,2026-05-08T12:16:20Z,0,-2,1,B,CERTIFICATION,b60ad739,,Gabrielle Davis,
444b2e4b-6eed-4f9b-be8d-14e2cc4fb7a3,3a3c1254-b00e-5268-b51d-0c869824404e,UNDER_REVIEW,APPROVED_DRAFT,2026-05-24T16:02:37Z,,,,1,B,CERTIFICATION,d3bebf31,,Gabrielle Davis,
2fee9b8a-c92a-46d2-955e-7e94bbdae63f,3a3c1254-b00e-5268-b51d-0c869824404e,APPROVED_DRAFT,APPROVED_CERTIFICATION,2026-06-14T13:01:19Z,,,,1,B,CERTIFICATION,7609e14f,,Gabrielle Davis,Formal approval letter received and filed.
2ed4ad35-a25b-45c3-9bc4-395fd9df300a,3a3c1254-b00e-5268-b51d-0c869824404e,APPROVED_CERTIFICATION,APPROVED_FINAL,2026-06-26T09:00:56Z,,,,1,B,CERTIFICATION,65f1eb35,,Gabrielle Davis,
f5eedf4a-6a32-4ab1-bf61-5810ed688048,1b41bdf5-fd74-5fa0-8b27-ee2ee1b8527c,REQUIREMENT_DRAFT,PLANNED,2026-01-09T13:52:17Z,2026-01-16T16:14:35Z,,,1,A,CUSTOMER,7fd5a124,,Jamie Arnold,
8afcf8f1-7d98-41d6-909c-7ae9d3a251ee,1b41bdf5-fd74-5fa0-8b27-ee2ee1b8527c,PLANNED,IN_PROGRESS,2026-01-24T09:44:43Z,2026-01-22T07:48:55Z,-2,6,1,A,CUSTOMER,67d4e600,,Jamie Arnold,
09310936-0ac3-430c-b6fd-e8bedc0c8741,1b41bdf5-fd74-5fa0-8b27-ee2ee1b8527c,IN_PROGRESS,SUBMITTED,2026-02-04T11:47:25Z,,,,1,A,CUSTOMER,3ad49673,Monica Herrera,Jamie Arnold,
d1ad1e7e-8ffb-4e5e-8791-a907d6e2ea8f,1b41bdf5-fd74-5fa0-8b27-ee2ee1b8527c,SUBMITTED,UNDER_REVIEW,2026-02-15T13:32:45Z,,,,1,A,CUSTOMER,3f321d13,,Jamie Arnold,
812468b7-e08a-49cf-909f-9d6332c3a108,1b41bdf5-fd74-5fa0-8b27-ee2ee1b8527c,UNDER_REVIEW,REVISION_REQUIRED,2026-02-23T10:11:33Z,,,,1,A,CUSTOMER,eafb144e,,Jamie Arnold,Certification body requested updated material certificates.
e1c611b0-06a6-46e5-ac2a-900d28974547,1b41bdf5-fd74-5fa0-8b27-ee2ee1b8527c,REVISION_REQUIRED,IN_PROGRESS,2026-03-09T07:13:15Z,,,,1,A,CUSTOMER,b162b004,,Jamie Arnold,
330cae71-5025-48bf-8b03-2e486bf670bf,1b41bdf5-fd74-5fa0-8b27-ee2ee1b8527c,IN_PROGRESS,SUBMITTED,2026-03-22T17:16:10Z,,,,1,A,CUSTOMER,3725cd9b,Monica Herrera,Jamie Arnold,
6d886f84-6b45-419a-a1df-0b77f5907568,1b41bdf5-fd74-5fa0-8b27-ee2ee1b8527c,SUBMITTED,UNDER_REVIEW,2026-04-10T16:06:27Z,,,,2,A,CUSTOMER,c1efb8e5,,Jamie Arnold,
dce34334-f53c-46cb-b29c-30580169c409,1b41bdf5-fd74-5fa0-8b27-ee2ee1b8527c,UNDER_REVIEW,APPROVED_DRAFT,2026-04-18T07:36:01Z,,,,2,A,CUSTOMER,7ecf19e9,,Jamie Arnold,
6b4fb354-7a48-42c6-ab4d-e0ced37d9b2f,1b41bdf5-fd74-5fa0-8b27-ee2ee1b8527c,APPROVED_DRAFT,APPROVED_CUSTOMER,2026-04-25T10:08:57Z,,,,2,A,CUSTOMER,ca3bd02b,,Jamie Arnold,
fc263def-1c21-4696-9a85-e131515f079a,1b41bdf5-fd74-5fa0-8b27-ee2ee1b8527c,APPROVED_CUSTOMER,APPROVED_FINAL,2026-05-07T09:40:19Z,,,,2,A,CUSTOMER,e74876cd,,Jamie Arnold,
78ef2b94-7cd8-4525-91fb-59edc6a99836,c7fff69e-1ab0-5067-8984-1bd1bca0a242,REQUIREMENT_DRAFT,PLANNED,2025-11-08T08:23:32Z,2025-11-19T09:14:46Z,,,1,B,CUSTOMER,f397396b,,Brian Ramirez,
8faeec44-d000-470d-8873-7873fc53147c,c7fff69e-1ab0-5067-8984-1bd1bca0a242,PLANNED,IN_PROGRESS,2025-11-29T16:31:13Z,2025-11-28T08:27:39Z,-1,9,1,B,CUSTOMER,116607ce,,Brian Ramirez,
4494473c-7ce9-4da5-8acb-88759dcbcadf,c7fff69e-1ab0-5067-8984-1bd1bca0a242,IN_PROGRESS,SUBMITTED,2025-12-10T10:57:51Z,2025-12-20T09:08:30Z,10,22,1,B,CUSTOMER,c19fd100,Michele Williams,Brian Ramirez,
5062ee60-0faa-42d1-a417-a7ce05b3174a,c7fff69e-1ab0-5067-8984-1bd1bca0a242,SUBMITTED,UNDER_REVIEW,2025-12-19T10:11:53Z,2026-01-04T17:16:10Z,16,15,1,B,CUSTOMER,7e24afb4,,Brian Ramirez,
002f790d-dac5-4c63-b91d-8e3bb599dc19,c7fff69e-1ab0-5067-8984-1bd1bca0a242,UNDER_REVIEW,REVISION_REQUIRED,2026-01-04T17:33:43Z,,,,1,B,CUSTOMER,49c8e737,,Brian Ramirez,Mark-up returned -- title block correction required.
fd58ed00-5d87-41be-b162-baca400d8879,c7fff69e-1ab0-5067-8984-1bd1bca0a242,REVISION_REQUIRED,IN_PROGRESS,2026-01-23T15:04:15Z,,,,1,B,CUSTOMER,73575013,,Brian Ramirez,
5a8dad6b-8e59-4b59-bcd3-99440078599a,c7fff69e-1ab0-5067-8984-1bd1bca0a242,IN_PROGRESS,SUBMITTED,2026-02-05T10:33:14Z,,,,1,B,CUSTOMER,ef6a899e,Michele Williams,Brian Ramirez,
6fabbee3-d8ef-4542-adbc-895b40890a08,c7fff69e-1ab0-5067-8984-1bd1bca0a242,SUBMITTED,UNDER_REVIEW,2026-02-14T17:45:26Z,,,,2,B,CUSTOMER,fb900a4f,,Brian Ramirez,
00d0bf0f-eb0f-4601-85a5-832f5cefe708,c7fff69e-1ab0-5067-8984-1bd1bca0a242,UNDER_REVIEW,APPROVED_DRAFT,2026-02-21T13:33:35Z,,,,2,B,CUSTOMER,9950eb0e,,Brian Ramirez,
c034d34b-1142-4d47-8fc8-03070f40f13a,c7fff69e-1ab0-5067-8984-1bd1bca0a242,APPROVED_DRAFT,APPROVED_CUSTOMER,2026-03-14T08:15:16Z,,,,2,B,CUSTOMER,2747b8e9,,Brian Ramirez,
da495132-2d99-4c0e-8b29-b21288b6d987,c7fff69e-1ab0-5067-8984-1bd1bca0a242,APPROVED_CUSTOMER,APPROVED_FINAL,2026-03-31T12:49:36Z,,,,2,B,CUSTOMER,84873b55,,Brian Ramirez,
c6935e42-e0bd-4b29-abf8-5f899a85c5ab,07db7df1-abb9-5a3a-8541-710c4b789dc5,REQUIREMENT_DRAFT,PLANNED,2026-05-03T09:17:57Z,2026-05-04T17:16:00Z,,,1,A,INTERNAL,4399c7e3,,Lisa Jackson,
6d6681f7-3761-47df-989e-0b194ea9b3c9,07db7df1-abb9-5a3a-8541-710c4b789dc5,PLANNED,IN_PROGRESS,2026-05-08T16:33:18Z,2026-05-10T10:46:23Z,2,6,1,A,INTERNAL,91e9132d,,Lisa Jackson,
1b0d51ab-b726-4710-adf2-59cf234c2f06,07db7df1-abb9-5a3a-8541-710c4b789dc5,IN_PROGRESS,SUBMITTED,2026-05-12T08:10:22Z,,,,1,A,INTERNAL,a0b7e296,Derek Zuniga,Lisa Jackson,
cb596c7a-c6c9-4c9a-a95d-74982f4d3e77,07db7df1-abb9-5a3a-8541-710c4b789dc5,SUBMITTED,UNDER_REVIEW,2026-05-22T13:09:44Z,,,,1,A,INTERNAL,160697f3,,Lisa Jackson,
1f007338-ed16-4e39-b88e-c5700eba64bd,07db7df1-abb9-5a3a-8541-710c4b789dc5,UNDER_REVIEW,APPROVED_DRAFT,2026-05-31T11:33:16Z,,,,1,A,INTERNAL,839b2927,,Lisa Jackson,
851dc327-b69f-4d37-ab17-db416215f67a,07db7df1-abb9-5a3a-8541-710c4b789dc5,APPROVED_DRAFT,APPROVED_FINAL,2026-06-04T10:28:03Z,,,,1,A,INTERNAL,5ce9d9d8,,Lisa Jackson,
4ac2f27d-8a47-4f7d-9c01-9e18459e92fd,dc6f1d9d-89ae-550a-855e-eec6c907ecfc,REQUIREMENT_DRAFT,PLANNED,2025-07-04T08:42:27Z,2025-07-01T08:44:54Z,,,1,B,CERTIFICATION,a6a2095f,,Ethan Adams,
448868d6-270d-4b7c-8ba2-47b186e4197b,dc6f1d9d-89ae-550a-855e-eec6c907ecfc,PLANNED,IN_PROGRESS,2025-07-15T12:31:27Z,2025-07-30T15:56:24Z,15,29,1,B,CERTIFICATION,89ec8925,,Ethan Adams,
a1b079da-bf44-4b14-8fed-0c1e5b9a65c0,dc6f1d9d-89ae-550a-855e-eec6c907ecfc,IN_PROGRESS,SUBMITTED,2025-08-06T15:57:41Z,2025-08-10T11:20:45Z,4,11,1,B,CERTIFICATION,d45063f7,Margaret Hawkins DDS,Ethan Adams,
6e0d378a-464c-4c3b-8816-ce2e0b436e36,dc6f1d9d-89ae-550a-855e-eec6c907ecfc,SUBMITTED,UNDER_REVIEW,2025-08-24T12:51:07Z,2025-08-20T11:33:15Z,-4,10,1,B,CERTIFICATION,021d2c07,,Ethan Adams,
183a8f42-809d-4268-9ff6-ce1dc1f0f7a1,dc6f1d9d-89ae-550a-855e-eec6c907ecfc,UNDER_REVIEW,APPROVED_DRAFT,2025-09-08T08:59:02Z,2025-09-29T10:17:20Z,21,40,1,B,CERTIFICATION,1e62af3a,,Ethan Adams,
be4dc80f-c46c-4920-8d14-746f8ad27f00,dc6f1d9d-89ae-550a-855e-eec6c907ecfc,APPROVED_DRAFT,APPROVED_CERTIFICATION,2025-10-08T16:06:17Z,2025-10-12T11:39:39Z,4,13,1,B,CERTIFICATION,55ed3402,,Ethan Adams,Formal approval letter received and filed.
900c71ee-874d-4244-a331-092b0c934567,dc6f1d9d-89ae-550a-855e-eec6c907ecfc,APPROVED_CERTIFICATION,APPROVED_FINAL,2025-10-21T10:28:42Z,2025-11-17T14:33:01Z,27,36,1,B,CERTIFICATION,26d51f67,,Ethan Adams,
8146129e-4207-48e2-9e90-28e0759b5776,7937f10e-6d80-5947-8244-8412c56ab5fe,REQUIREMENT_DRAFT,PLANNED,2025-11-19T08:58:18Z,2026-01-06T13:49:13Z,,,1,A,AUTHORITY,41b0282a,,Justin Baker,
749dbc25-4455-4987-864e-37a91fc19771,7937f10e-6d80-5947-8244-8412c56ab5fe,PLANNED,IN_PROGRESS,2025-12-11T08:37:59Z,2026-01-31T11:29:47Z,51,25,1,A,AUTHORITY,04dd9fb6,,Justin Baker,
e0a9bc7d-b5db-41d3-bd62-8b05c5437c53,7937f10e-6d80-5947-8244-8412c56ab5fe,IN_PROGRESS,SUBMITTED,2025-12-27T14:21:38Z,2026-01-23T08:44:01Z,27,-8,1,A,AUTHORITY,73deba07,Matthew Foster,Justin Baker,
d92403c3-4c12-47f7-b88f-fb1126572cdf,7937f10e-6d80-5947-8244-8412c56ab5fe,SUBMITTED,UNDER_REVIEW,2026-02-03T07:36:05Z,2026-03-23T17:08:55Z,48,59,1,A,AUTHORITY,c7f973cb,,Justin Baker,
8e044a9b-a069-45ec-84e0-545fd5b35490,7937f10e-6d80-5947-8244-8412c56ab5fe,UNDER_REVIEW,APPROVED_DRAFT,2026-03-01T13:12:27Z,2026-03-16T17:42:37Z,15,-7,1,A,AUTHORITY,375e320c,,Justin Baker,
e91519d2-1b63-4cf6-8796-2285262cde86,7937f10e-6d80-5947-8244-8412c56ab5fe,APPROVED_DRAFT,APPROVED_AUTHORITY,2026-03-18T16:01:01Z,2026-04-21T08:51:20Z,34,36,1,A,AUTHORITY,71ebb15d,,Justin Baker,Formal approval letter received and filed.
3c89b0c6-fb08-4621-9117-fcce0d0a5eb7,7937f10e-6d80-5947-8244-8412c56ab5fe,APPROVED_AUTHORITY,APPROVED_FINAL,2026-04-24T10:42:40Z,2026-05-10T08:00:27Z,16,19,1,A,AUTHORITY,adf3170b,,Justin Baker,
67b6a4c9-f893-4a73-8696-d7e3452203e7,844dca3a-60f6-5503-ada2-4189641ac204,REQUIREMENT_DRAFT,PLANNED,2026-03-07T15:19:16Z,2026-03-26T09:48:17Z,,,1,A,CUSTOMER,bc540e99,,Rebecca Henderson,
7de4ba9f-488a-40e4-834e-358b6a6ca97a,844dca3a-60f6-5503-ada2-4189641ac204,PLANNED,IN_PROGRESS,2026-03-28T08:02:47Z,2026-04-03T16:53:04Z,6,8,1,A,CUSTOMER,248d22bb,,Rebecca Henderson,
65cbd720-7f24-401f-863b-677856183171,844dca3a-60f6-5503-ada2-4189641ac204,IN_PROGRESS,SUBMITTED,2026-04-08T11:30:25Z,2026-04-29T09:56:18Z,21,26,1,A,CUSTOMER,35f3f5eb,Zachary Hicks,Rebecca Henderson,
ba2decc7-ed60-4af0-8fbe-3f313422079c,844dca3a-60f6-5503-ada2-4189641ac204,SUBMITTED,UNDER_REVIEW,2026-04-17T16:30:13Z,2026-05-04T15:19:53Z,17,5,1,A,CUSTOMER,6bc75c5e,,Rebecca Henderson,
a40d7313-9459-4d77-abbb-c650fa29d465,844dca3a-60f6-5503-ada2-4189641ac204,UNDER_REVIEW,APPROVED_DRAFT,2026-05-07T14:16:32Z,2026-05-10T11:40:11Z,3,6,1,A,CUSTOMER,b16b804c,,Rebecca Henderson,
a9cb693d-8ffd-4f0a-9ea9-d93e3e8fa166,844dca3a-60f6-5503-ada2-4189641ac204,APPROVED_DRAFT,APPROVED_CUSTOMER,2026-05-16T14:18:09Z,,,,1,A,CUSTOMER,755e6721,,Rebecca Henderson,
9127ea2c-7922-42f9-a540-721a1e8e654a,844dca3a-60f6-5503-ada2-4189641ac204,APPROVED_CUSTOMER,APPROVED_FINAL,2026-06-05T10:21:32Z,,,,1,A,CUSTOMER,cd598386,,Rebecca Henderson,
f971a099-147e-41b6-8c0e-99adeb8072dc,14692e56-9425-5dc1-a716-3a63d92651a9,REQUIREMENT_DRAFT,PLANNED,2026-04-05T07:27:05Z,2026-04-03T13:29:06Z,,,1,A,CUSTOMER,a302673b,,Nathan Maldonado,
4c536e94-926e-4574-bd94-7a3c99d4d536,14692e56-9425-5dc1-a716-3a63d92651a9,PLANNED,IN_PROGRESS,2026-04-20T08:00:12Z,2026-04-19T08:49:15Z,-1,16,1,A,CUSTOMER,c703092e,,Nathan Maldonado,
904d82a1-7ddc-4dc4-8d9d-c9016f4e7358,14692e56-9425-5dc1-a716-3a63d92651a9,IN_PROGRESS,SUBMITTED,2026-04-30T11:12:07Z,,,,1,A,CUSTOMER,9069d2d3,Tricia Valencia,Nathan Maldonado,
069a2059-d2b2-4936-811f-994f0f051355,14692e56-9425-5dc1-a716-3a63d92651a9,SUBMITTED,UNDER_REVIEW,2026-05-16T09:46:16Z,,,,1,A,CUSTOMER,f80248fb,,Nathan Maldonado,
43d2faa2-01b6-43bc-ad8e-919d56f45999,14692e56-9425-5dc1-a716-3a63d92651a9,UNDER_REVIEW,REVISION_REQUIRED,2026-05-28T11:11:52Z,,,,1,A,CUSTOMER,7679e831,,Nathan Maldonado,Mark-up returned -- title block correction required.
75c17ed6-4e68-49f0-9424-d6466f9666ef,14692e56-9425-5dc1-a716-3a63d92651a9,REVISION_REQUIRED,IN_PROGRESS,2026-06-13T17:41:12Z,,,,1,A,CUSTOMER,061b4302,,Nathan Maldonado,
16a6fb2d-ee06-4700-b9dd-86682bc9e6d6,14692e56-9425-5dc1-a716-3a63d92651a9,IN_PROGRESS,SUBMITTED,2026-06-28T08:39:07Z,,,,1,A,CUSTOMER,1f0aa596,Tricia Valencia,Nathan Maldonado,
13dad9d5-5fa3-4f68-9efe-0ebced2ff064,14692e56-9425-5dc1-a716-3a63d92651a9,SUBMITTED,UNDER_REVIEW,2026-07-06T12:01:53Z,,,,2,A,CUSTOMER,a8a3e5a3,,Nathan Maldonado,
a5e47d20-fb35-47b3-9701-f591d35d6ee7,14692e56-9425-5dc1-a716-3a63d92651a9,UNDER_REVIEW,APPROVED_DRAFT,2026-07-16T10:19:25Z,,,,2,A,CUSTOMER,dc9e3272,,Nathan Maldonado,
c77dac65-5cd0-46cf-9552-975ba6020bb0,14692e56-9425-5dc1-a716-3a63d92651a9,APPROVED_DRAFT,APPROVED_CUSTOMER,2026-07-31T12:32:02Z,,,,2,A,CUSTOMER,338092c2,,Nathan Maldonado,
d0946651-d23a-4193-b029-ef71fddcc0ab,14692e56-9425-5dc1-a716-3a63d92651a9,APPROVED_CUSTOMER,APPROVED_FINAL,2026-08-13T14:41:16Z,,,,2,A,CUSTOMER,cd1ad6fd,,Nathan Maldonado,
68542ac7-4243-4498-a9c8-3e4d425ba20b,a0458c5f-8d3f-5520-ac95-b891b3704918,REQUIREMENT_DRAFT,PLANNED,2025-01-01T08:34:20Z,2025-02-24T17:35:18Z,,,1,A,AUTHORITY,6c97fa39,,Cassandra Gaines,
a5fc94bc-f4ee-41ee-aab4-459ae18b2d32,a0458c5f-8d3f-5520-ac95-b891b3704918,PLANNED,IN_PROGRESS,2025-02-03T12:11:35Z,2025-03-26T12:44:49Z,51,30,1,A,AUTHORITY,b0967420,,Cassandra Gaines,
2146467f-c120-46d1-b8d6-89aa91dfaf81,a0458c5f-8d3f-5520-ac95-b891b3704918,IN_PROGRESS,SUBMITTED,2025-02-28T08:46:35Z,2025-04-07T11:02:42Z,38,12,1,A,AUTHORITY,f40acbbf,Jeffrey Chavez,Cassandra Gaines,
f469b891-9438-4cb2-a7fc-5c991d82b084,a0458c5f-8d3f-5520-ac95-b891b3704918,SUBMITTED,UNDER_REVIEW,2025-03-20T12:27:12Z,2025-04-19T17:10:02Z,30,12,1,A,AUTHORITY,c9f6ab88,,Cassandra Gaines,
10f50620-44bb-4ca2-9f10-94c568e3fd1e,a0458c5f-8d3f-5520-ac95-b891b3704918,UNDER_REVIEW,REVISION_REQUIRED,2025-04-14T09:40:05Z,2025-05-22T14:25:27Z,38,33,1,A,AUTHORITY,adc6f060,,Cassandra Gaines,Mark-up returned -- title block correction required.
d7f4f4bb-1c8e-4521-89f8-a74d4e6cb01e,a0458c5f-8d3f-5520-ac95-b891b3704918,REVISION_REQUIRED,IN_PROGRESS,2025-05-02T15:24:23Z,2025-05-13T16:41:53Z,11,-9,1,A,AUTHORITY,d171ba5a,,Cassandra Gaines,
4b61dde5-c18b-47e2-af70-f1c6cfa1e04b,a0458c5f-8d3f-5520-ac95-b891b3704918,IN_PROGRESS,SUBMITTED,2025-05-17T13:16:06Z,2025-07-10T10:49:22Z,54,58,1,A,AUTHORITY,5ee616af,Jeffrey Chavez,Cassandra Gaines,
131aebc7-4c70-4f8a-8d85-beeabfaf0970,a0458c5f-8d3f-5520-ac95-b891b3704918,SUBMITTED,UNDER_REVIEW,2025-06-22T09:04:16Z,2025-07-11T17:06:58Z,19,1,2,A,AUTHORITY,3d30d90b,,Cassandra Gaines,
fd5e8d6c-d933-4441-91af-921d75ae56ca,a0458c5f-8d3f-5520-ac95-b891b3704918,UNDER_REVIEW,APPROVED_DRAFT,2025-07-16T07:23:24Z,2025-08-23T12:37:15Z,38,43,2,A,AUTHORITY,7aae860e,,Cassandra Gaines,
47b07a4d-ad04-4697-8a09-3d2c490f47cf,a0458c5f-8d3f-5520-ac95-b891b3704918,APPROVED_DRAFT,APPROVED_AUTHORITY,2025-08-21T16:07:38Z,2025-08-30T17:18:59Z,9,7,2,A,AUTHORITY,b0c0b5de,,Cassandra Gaines,Certificate issued -- reference number logged.
1b3349f8-a4d1-4682-bc71-dda5550af1ed,a0458c5f-8d3f-5520-ac95-b891b3704918,APPROVED_AUTHORITY,APPROVED_FINAL,2025-09-21T13:57:08Z,2025-09-23T09:42:56Z,2,24,2,A,AUTHORITY,6fa3a90e,,Cassandra Gaines,
518f4392-45cb-4148-830f-d16268ae5f5c,d4233387-e972-5302-97af-e99a2540e3c4,REQUIREMENT_DRAFT,PLANNED,2025-11-30T13:33:35Z,2026-01-03T09:16:19Z,,,1,B,AUTHORITY,173b9f22,,Fred Smith,
19d4851b-1bf5-42ba-8bd5-16ecd89fd2ef,d4233387-e972-5302-97af-e99a2540e3c4,PLANNED,IN_PROGRESS,2025-12-18T13:47:24Z,2026-01-02T08:53:22Z,15,-1,1,B,AUTHORITY,a877e0a8,,Fred Smith,
b2880f96-ed95-4604-9d4e-7244fef55019,d4233387-e972-5302-97af-e99a2540e3c4,IN_PROGRESS,SUBMITTED,2026-01-10T07:57:31Z,,,,1,B,AUTHORITY,bc12105e,Brittany Farmer,Fred Smith,
c24b09cf-d624-4936-9a50-a53c31322bcd,d4233387-e972-5302-97af-e99a2540e3c4,SUBMITTED,UNDER_REVIEW,2026-02-15T10:30:41Z,,,,1,B,AUTHORITY,6a8cf422,,Fred Smith,
6fd5df95-4d20-44e4-ba6d-786e84dd1de7,d4233387-e972-5302-97af-e99a2540e3c4,UNDER_REVIEW,APPROVED_DRAFT,2026-03-22T08:31:56Z,,,,1,B,AUTHORITY,1877bdc5,,Fred Smith,
05ed1dd7-f8d8-424e-b8b9-785f65ea2b76,d4233387-e972-5302-97af-e99a2540e3c4,APPROVED_DRAFT,APPROVED_AUTHORITY,2026-04-30T11:15:49Z,,,,1,B,AUTHORITY,63eb3210,,Fred Smith,Regulatory acceptance confirmed in writing.
bc98938c-548f-40e9-b5ae-8dbbd8c9ee02,d4233387-e972-5302-97af-e99a2540e3c4,APPROVED_AUTHORITY,APPROVED_FINAL,2026-06-07T07:08:29Z,,,,1,B,AUTHORITY,8c559cde,,Fred Smith,
681e6968-0948-4c5d-9adb-5f34ea47df15,5386fa95-ca1d-5772-91dd-1ed602287709,REQUIREMENT_DRAFT,PLANNED,2026-03-22T14:12:41Z,2026-04-05T15:48:29Z,,,1,A,CUSTOMER,623158d8,,Angelica Tucker,
7542eb77-3e55-4a16-91c4-4750e291e35a,5386fa95-ca1d-5772-91dd-1ed602287709,PLANNED,IN_PROGRESS,2026-03-30T14:40:45Z,2026-03-29T07:13:46Z,-1,-7,1,A,CUSTOMER,bd0c79cc,,Angelica Tucker,
9501d999-b979-4eb3-8176-27d0fbb800bc,5386fa95-ca1d-5772-91dd-1ed602287709,IN_PROGRESS,SUBMITTED,2026-04-20T07:38:14Z,2026-04-16T09:40:27Z,-4,18,1,A,CUSTOMER,f9d9a6df,Anthony Humphrey,Angelica Tucker,
85dbccf6-a7dd-43d1-af0b-4a2c9821fe7e,5386fa95-ca1d-5772-91dd-1ed602287709,SUBMITTED,UNDER_REVIEW,2026-05-02T09:56:08Z,2026-04-29T15:29:18Z,-3,13,1,A,CUSTOMER,5d72c02a,,Angelica Tucker,
5285c13c-8513-44c6-bd43-f91e40365d99,5386fa95-ca1d-5772-91dd-1ed602287709,UNDER_REVIEW,APPROVED_DRAFT,2026-05-17T16:01:49Z,,,,1,A,CUSTOMER,99fdc47b,,Angelica Tucker,
0f20fd6e-ef75-4122-9972-eda5d341b0e1,5386fa95-ca1d-5772-91dd-1ed602287709,APPROVED_DRAFT,APPROVED_CUSTOMER,2026-05-26T07:19:03Z,,,,1,A,CUSTOMER,aa2e8d07,,Angelica Tucker,
d96eb317-bc50-4cdc-bde0-1b8592a025cc,5386fa95-ca1d-5772-91dd-1ed602287709,APPROVED_CUSTOMER,APPROVED_FINAL,2026-06-12T17:02:43Z,,,,1,A,CUSTOMER,8f9e0390,,Angelica Tucker,
c82dd20e-6723-4fd8-bbd8-e3b63a9848e9,9c449fee-ad82-54a0-b815-4a7e507ff705,REQUIREMENT_DRAFT,PLANNED,2026-01-14T09:32:16Z,2026-01-17T14:53:05Z,,,1,B,INTERNAL,c0a69bf9,,Shane Henderson,
63912b20-2c68-47f9-9152-110c8fefc7c4,9c449fee-ad82-54a0-b815-4a7e507ff705,PLANNED,IN_PROGRESS,2026-01-21T13:45:26Z,2026-01-21T11:38:19Z,0,4,1,B,INTERNAL,0666e33b,,Shane Henderson,
1d5036f4-d7e4-47da-a0eb-47e3ec6405a2,9c449fee-ad82-54a0-b815-4a7e507ff705,IN_PROGRESS,SUBMITTED,2026-01-31T14:00:35Z,2026-01-29T09:49:01Z,-2,8,1,B,INTERNAL,5b9fd8ab,,Shane Henderson,
0988134d-a267-4e83-8d32-26356e3171a6,9c449fee-ad82-54a0-b815-4a7e507ff705,SUBMITTED,UNDER_REVIEW,2026-02-06T11:14:11Z,2026-02-09T17:56:45Z,3,11,1,B,INTERNAL,8c479a5c,,Shane Henderson,
ab696049-79c7-4df2-b3ac-ea1eae68fd96,9c449fee-ad82-54a0-b815-4a7e507ff705,UNDER_REVIEW,APPROVED_DRAFT,2026-02-16T07:10:33Z,2026-02-17T10:19:16Z,1,8,1,B,INTERNAL,5f56797d,,Shane Henderson,
a9f01401-a7a0-4b0d-b819-6b31cf9721f6,9c449fee-ad82-54a0-b815-4a7e507ff705,APPROVED_DRAFT,APPROVED_FINAL,2026-02-23T12:25:22Z,2026-02-25T13:10:56Z,2,8,1,B,INTERNAL,3402264f,,Shane Henderson,
599a3b6a-5cb1-448d-86b3-1af7b4543be2,3dfddaea-853b-5c50-8f30-cbf112e30288,REQUIREMENT_DRAFT,PLANNED,2026-04-16T12:36:09Z,2026-04-21T16:03:32Z,,,1,A,INTERNAL,93df5bec,,Jessica Holmes,
cccf0fc4-e043-450f-b4fa-3e9797e524af,3dfddaea-853b-5c50-8f30-cbf112e30288,PLANNED,IN_PROGRESS,2026-04-26T13:35:42Z,2026-04-26T16:09:50Z,0,5,1,A,INTERNAL,bd64c60e,,Jessica Holmes,
05383921-1c43-4c47-8d25-1ba76c893b61,3dfddaea-853b-5c50-8f30-cbf112e30288,IN_PROGRESS,SUBMITTED,2026-05-01T14:13:32Z,,,,1,A,INTERNAL,9ea4166f,Eric Carney,Jessica Holmes,
a218591a-4704-4fba-a5f9-723d638152f8,3dfddaea-853b-5c50-8f30-cbf112e30288,SUBMITTED,UNDER_REVIEW,2026-05-05T08:50:44Z,,,,1,A,INTERNAL,8c443eec,,Jessica Holmes,
d8854c70-4090-4e57-9068-61f9342cb498,3dfddaea-853b-5c50-8f30-cbf112e30288,UNDER_REVIEW,APPROVED_DRAFT,2026-05-10T13:21:49Z,,,,1,A,INTERNAL,53ac1108,,Jessica Holmes,
4eaba118-3a6a-4932-8ab8-1cca26954332,3dfddaea-853b-5c50-8f30-cbf112e30288,APPROVED_DRAFT,APPROVED_FINAL,2026-05-18T13:34:20Z,,,,1,A,INTERNAL,b728bc46,,Jessica Holmes,
041bc77b-0991-4fea-a66b-0d285831fe8f,5c92abd7-1595-51ce-8314-f71726d78504,REQUIREMENT_DRAFT,PLANNED,2025-12-21T14:21:32Z,2026-01-01T07:11:41Z,,,1,A,CERTIFICATION,06c1bab3,,Shannon Jones,
6587686c-7a36-46b3-a822-ccfa773b94b6,5c92abd7-1595-51ce-8314-f71726d78504,PLANNED,IN_PROGRESS,2026-01-07T15:40:27Z,2026-01-10T16:55:41Z,3,9,1,A,CERTIFICATION,6a6315ac,,Shannon Jones,
b380f44c-d111-4398-a660-c044a05ad435,5c92abd7-1595-51ce-8314-f71726d78504,IN_PROGRESS,SUBMITTED,2026-01-20T13:20:17Z,2026-02-19T09:39:59Z,30,40,1,A,CERTIFICATION,77e24382,Crystal Robinson,Shannon Jones,
656a23e3-9f42-49bd-9f3d-c6c2f1a673ce,5c92abd7-1595-51ce-8314-f71726d78504,SUBMITTED,UNDER_REVIEW,2026-02-02T09:30:36Z,2026-02-18T12:44:53Z,16,-1,1,A,CERTIFICATION,a7663b08,,Shannon Jones,
466f84cf-8fc3-4910-b2d6-b0ab960dd6dc,5c92abd7-1595-51ce-8314-f71726d78504,UNDER_REVIEW,REVISION_REQUIRED,2026-02-20T09:30:28Z,,,,1,A,CERTIFICATION,ef7b5de4,,Shannon Jones,Certification body requested updated material certificates.
1c6f792b-c7c6-4979-abee-024edaee58b9,5c92abd7-1595-51ce-8314-f71726d78504,REVISION_REQUIRED,IN_PROGRESS,2026-03-23T09:29:43Z,,,,1,A,CERTIFICATION,fd02ef16,,Shannon Jones,
92388cfa-ec97-41da-8d29-ded26843372b,5c92abd7-1595-51ce-8314-f71726d78504,IN_PROGRESS,SUBMITTED,2026-04-10T15:31:38Z,,,,1,A,CERTIFICATION,705a000b,Crystal Robinson,Shannon Jones,
b7ed2cd3-cf2e-44f1-88d9-260eeaa00859,5c92abd7-1595-51ce-8314-f71726d78504,SUBMITTED,UNDER_REVIEW,2026-05-03T16:19:34Z,,,,2,A,CERTIFICATION,1551aea0,,Shannon Jones,
2d780f79-c0a4-41dc-a2ce-4e8c21a849c2,5c92abd7-1595-51ce-8314-f71726d78504,UNDER_REVIEW,APPROVED_DRAFT,2026-05-19T14:39:29Z,,,,2,A,CERTIFICATION,42d771d8,,Shannon Jones,
9f49fb94-148d-4191-8e2c-8f8e4a64fab4,5c92abd7-1595-51ce-8314-f71726d78504,APPROVED_DRAFT,APPROVED_CERTIFICATION,2026-06-06T08:30:02Z,,,,2,A,CERTIFICATION,f606091f,,Shannon Jones,Regulatory acceptance confirmed in writing.
b818065f-7f0e-4b69-a5a8-3825cf2a5acf,5c92abd7-1595-51ce-8314-f71726d78504,APPROVED_CERTIFICATION,APPROVED_FINAL,2026-06-30T14:12:07Z,,,,2,A,CERTIFICATION,17b53a96,,Shannon Jones,
955d74bf-b940-450d-9c4d-7090d0466574,ed142e8a-c619-5e1b-81db-603a07f20fdd,REQUIREMENT_DRAFT,PLANNED,2025-10-23T10:13:33Z,2025-11-06T07:11:29Z,,,1,C,CUSTOMER,6261108d,,Richard Aguirre,
74c43a67-39cd-4226-aed9-4bb9053c69b1,ed142e8a-c619-5e1b-81db-603a07f20fdd,PLANNED,IN_PROGRESS,2025-10-30T11:30:22Z,2025-11-13T12:22:58Z,14,7,1,C,CUSTOMER,44c7f42b,,Richard Aguirre,
3a53ca8c-66d0-433f-87ab-af0cfd537973,ed142e8a-c619-5e1b-81db-603a07f20fdd,IN_PROGRESS,SUBMITTED,2025-11-12T12:15:18Z,2025-11-09T07:41:28Z,-3,-4,1,C,CUSTOMER,16b40b76,Timothy Duncan,Richard Aguirre,
48c8d5fc-33f5-456f-932f-f6ee99381a05,ed142e8a-c619-5e1b-81db-603a07f20fdd,SUBMITTED,UNDER_REVIEW,2025-11-25T08:10:37Z,2025-12-10T07:52:55Z,15,31,1,C,CUSTOMER,e37cb03e,,Richard Aguirre,
390bc556-44b8-481e-bfca-be15f923bed8,ed142e8a-c619-5e1b-81db-603a07f20fdd,UNDER_REVIEW,REVISION_REQUIRED,2025-12-16T10:51:55Z,2025-12-17T13:58:51Z,1,7,1,C,CUSTOMER,d28a7fa6,,Richard Aguirre,Authority raised query on safety justification.
6bbc7caa-767a-41e4-a64a-00273773cc2c,ed142e8a-c619-5e1b-81db-603a07f20fdd,REVISION_REQUIRED,IN_PROGRESS,2025-12-28T12:21:11Z,2026-01-18T17:30:21Z,21,32,1,C,CUSTOMER,4f7ec2aa,,Richard Aguirre,
dd27233d-0b5d-4db3-8a3a-2503a494495e,ed142e8a-c619-5e1b-81db-603a07f20fdd,IN_PROGRESS,SUBMITTED,2026-01-17T17:19:50Z,2026-01-14T17:30:41Z,-3,-4,1,C,CUSTOMER,aba17675,Timothy Duncan,Richard Aguirre,
2c130661-0218-48da-bf62-6c74819a3f9c,ed142e8a-c619-5e1b-81db-603a07f20fdd,SUBMITTED,UNDER_REVIEW,2026-01-24T14:00:30Z,2026-01-22T07:16:34Z,-2,8,2,C,CUSTOMER,46b0871b,,Richard Aguirre,
1d5b0b31-a4e8-49c7-af66-2205a2bf8983,ed142e8a-c619-5e1b-81db-603a07f20fdd,UNDER_REVIEW,APPROVED_DRAFT,2026-02-11T16:05:21Z,2026-03-04T08:59:01Z,21,41,2,C,CUSTOMER,172c9ecf,,Richard Aguirre,
2f85a339-52b0-4fd1-88b2-9a716e521b5f,ed142e8a-c619-5e1b-81db-603a07f20fdd,APPROVED_DRAFT,APPROVED_CUSTOMER,2026-02-21T13:45:59Z,2026-02-24T12:44:58Z,3,-8,2,C,CUSTOMER,bb772901,,Richard Aguirre,
172ff19b-0466-45c8-9028-7416de8c4076,ed142e8a-c619-5e1b-81db-603a07f20fdd,APPROVED_CUSTOMER,APPROVED_FINAL,2026-03-02T07:11:23Z,2026-03-18T12:23:37Z,16,22,2,C,CUSTOMER,63aab829,,Richard Aguirre,
0100ea7e-18f5-401c-9a71-29a9c12912a6,7f02e4b3-f9fd-5ead-b88b-d9e30cd49ca0,REQUIREMENT_DRAFT,PLANNED,2025-09-16T07:53:08Z,2025-09-21T15:16:51Z,,,1,A,CERTIFICATION,54a0ea78,,Victoria Garcia,
6a0caafc-dc8f-4eb5-bd5f-8458e59d4c60,7f02e4b3-f9fd-5ead-b88b-d9e30cd49ca0,PLANNED,IN_PROGRESS,2025-10-05T15:25:10Z,2025-10-12T17:00:55Z,7,21,1,A,CERTIFICATION,613ab043,,Victoria Garcia,
32922512-a99d-4e4b-b0af-b94965072efa,7f02e4b3-f9fd-5ead-b88b-d9e30cd49ca0,IN_PROGRESS,SUBMITTED,2025-10-26T12:20:12Z,2025-11-15T13:17:31Z,20,34,1,A,CERTIFICATION,ed911199,John Daniel,Victoria Garcia,
785f91c4-fc64-495a-a87c-63bf741ac20e,7f02e4b3-f9fd-5ead-b88b-d9e30cd49ca0,SUBMITTED,UNDER_REVIEW,2025-11-14T09:10:56Z,2025-11-29T16:50:56Z,15,14,1,A,CERTIFICATION,641e617b,,Victoria Garcia,
9122d606-fbf9-4ca2-8c57-b399b44ccec2,7f02e4b3-f9fd-5ead-b88b-d9e30cd49ca0,UNDER_REVIEW,REVISION_REQUIRED,2025-12-07T17:01:42Z,,,,1,A,CERTIFICATION,d39d71f1,,Victoria Garcia,Reviewer requested additional detail on calculations.
21e5726f-65c6-45b9-8693-43bf305a3ffc,7f02e4b3-f9fd-5ead-b88b-d9e30cd49ca0,REVISION_REQUIRED,IN_PROGRESS,2025-12-23T09:02:19Z,,,,1,A,CERTIFICATION,0b4c3807,,Victoria Garcia,
be47c1a5-36ef-43f9-916a-838ec8ab6588,7f02e4b3-f9fd-5ead-b88b-d9e30cd49ca0,IN_PROGRESS,SUBMITTED,2026-01-22T12:30:09Z,,,,1,A,CERTIFICATION,1ba6c64b,John Daniel,Victoria Garcia,
bd0d186b-b4a1-42a7-a1e9-891c3c965016,7f02e4b3-f9fd-5ead-b88b-d9e30cd49ca0,SUBMITTED,UNDER_REVIEW,2026-02-09T07:08:18Z,,,,2,A,CERTIFICATION,e97dc40c,,Victoria Garcia,
7942a5cd-0065-4fd5-a91d-00db6d0399ff,7f02e4b3-f9fd-5ead-b88b-d9e30cd49ca0,UNDER_REVIEW,APPROVED_DRAFT,2026-03-01T17:22:37Z,,,,2,A,CERTIFICATION,83a3d60d,,Victoria Garcia,
69ceca31-3479-4e45-8139-2b2a70b4baf4,7f02e4b3-f9fd-5ead-b88b-d9e30cd49ca0,APPROVED_DRAFT,APPROVED_CERTIFICATION,2026-03-29T11:15:20Z,,,,2,A,CERTIFICATION,7aa842c7,,Victoria Garcia,Formal approval letter received and filed.
d52ca82d-38ed-4eed-a87b-070b1eb9ab3f,7f02e4b3-f9fd-5ead-b88b-d9e30cd49ca0,APPROVED_CERTIFICATION,APPROVED_FINAL,2026-04-11T07:15:16Z,,,,2,A,CERTIFICATION,13d12abc,,Victoria Garcia,
eb893671-6d95-4f99-80c9-bc564cf0bca8,57168784-99e2-5532-9176-9d629133b241,REQUIREMENT_DRAFT,PLANNED,2026-03-05T10:13:59Z,2026-03-29T13:52:32Z,,,1,A,CERTIFICATION,b3f0240f,,Donald Wright,
ba8edf32-0817-44f4-8b59-6225aa757e8e,57168784-99e2-5532-9176-9d629133b241,PLANNED,IN_PROGRESS,2026-03-19T14:17:26Z,2026-04-27T10:28:14Z,39,29,1,A,CERTIFICATION,cb1bd46b,,Donald Wright,
4ebe6e73-6d5a-4a6d-90df-b58e0b748f0a,57168784-99e2-5532-9176-9d629133b241,IN_PROGRESS,SUBMITTED,2026-04-18T11:33:02Z,,,,1,A,CERTIFICATION,4f94fbf7,,Donald Wright,
eef2b0f2-9ab0-4d97-b6cf-458ee9d9e13b,57168784-99e2-5532-9176-9d629133b241,SUBMITTED,UNDER_REVIEW,2026-05-01T10:55:21Z,,,,1,A,CERTIFICATION,e4efe36b,,Donald Wright,
01e91d5d-f90a-4312-b461-37762dc3824b,57168784-99e2-5532-9176-9d629133b241,UNDER_REVIEW,APPROVED_DRAFT,2026-05-29T14:50:47Z,,,,1,A,CERTIFICATION,fe4a35f4,,Donald Wright,
aa381e86-b696-4da3-b1ca-9f1e581c5958,57168784-99e2-5532-9176-9d629133b241,APPROVED_DRAFT,APPROVED_CERTIFICATION,2026-06-14T10:06:35Z,,,,1,A,CERTIFICATION,7b96fbf4,,Donald Wright,Regulatory acceptance confirmed in writing.
13458d6a-1ed2-494e-a52c-1dc86bb9b6de,57168784-99e2-5532-9176-9d629133b241,APPROVED_CERTIFICATION,APPROVED_FINAL,2026-06-25T07:11:02Z,,,,1,A,CERTIFICATION,e1aad721,,Donald Wright,
c2e3213f-42d3-4f18-ae4d-7e6ce297276f,1b003f70-6662-5544-867e-97aa3df2e147,REQUIREMENT_DRAFT,PLANNED,2026-01-24T14:24:38Z,2026-01-19T07:27:11Z,,,1,A,INTERNAL,8c49cbea,,Tracy House,
7436ef39-d6d3-4edc-89ad-25f9e10fb05e,1b003f70-6662-5544-867e-97aa3df2e147,PLANNED,IN_PROGRESS,2026-01-30T14:12:32Z,2026-01-29T14:20:59Z,-1,10,1,A,INTERNAL,c570eef7,,Tracy House,
447980bc-962c-4067-aeef-b24776fbb7fb,1b003f70-6662-5544-867e-97aa3df2e147,IN_PROGRESS,SUBMITTED,2026-02-09T08:22:11Z,2026-02-11T11:42:52Z,2,13,1,A,INTERNAL,bbdff016,Amber Kidd,Tracy House,
03b25f46-ec61-406d-9888-33ee69ae3d05,1b003f70-6662-5544-867e-97aa3df2e147,SUBMITTED,UNDER_REVIEW,2026-02-19T11:38:02Z,2026-02-22T17:13:42Z,3,11,1,A,INTERNAL,10239d5f,,Tracy House,
29106105-1bc0-431a-bfaf-b835d4b70dc2,1b003f70-6662-5544-867e-97aa3df2e147,UNDER_REVIEW,APPROVED_DRAFT,2026-02-26T10:02:32Z,2026-02-26T15:20:47Z,0,4,1,A,INTERNAL,ddb0e0ce,,Tracy House,
4187e231-d3f5-4aa0-a7ce-302deac59548,1b003f70-6662-5544-867e-97aa3df2e147,APPROVED_DRAFT,APPROVED_FINAL,2026-03-02T17:15:39Z,,,,1,A,INTERNAL,497d9530,,Tracy House,
11a541e3-d4cb-4083-b406-219d637945b2,6c803719-1558-5218-bd56-20c1e355dc1e,REQUIREMENT_DRAFT,PLANNED,2025-12-04T16:58:54Z,2025-12-04T11:05:50Z,,,1,C,CUSTOMER,26ca9dbc,,William Baker,
ad10019b-6697-45a6-84ff-3ebf4a2687e9,6c803719-1558-5218-bd56-20c1e355dc1e,PLANNED,IN_PROGRESS,2025-12-15T10:13:53Z,2025-12-17T15:49:59Z,2,13,1,C,CUSTOMER,cf3bd63d,,William Baker,
58d9d97c-32ae-4f71-b03e-7aec934ed7bd,6c803719-1558-5218-bd56-20c1e355dc1e,IN_PROGRESS,SUBMITTED,2026-01-04T15:01:43Z,2026-01-06T16:28:43Z,2,20,1,C,CUSTOMER,403f8c84,James Brown,William Baker,
ad1b052d-b9f5-4989-b424-fb35202895f5,6c803719-1558-5218-bd56-20c1e355dc1e,SUBMITTED,UNDER_REVIEW,2026-01-19T16:29:39Z,2026-01-18T11:47:36Z,-1,12,1,C,CUSTOMER,59f55138,,William Baker,
a41edd27-bdf5-43ce-9c5e-54a89e0c8225,6c803719-1558-5218-bd56-20c1e355dc1e,UNDER_REVIEW,APPROVED_DRAFT,2026-02-01T11:33:28Z,,,,1,C,CUSTOMER,56e192a2,,William Baker,
e4ed271c-acbd-4639-9e47-d15947f75a1a,6c803719-1558-5218-bd56-20c1e355dc1e,APPROVED_DRAFT,APPROVED_CUSTOMER,2026-02-19T09:35:49Z,,,,1,C,CUSTOMER,db2b8c41,,William Baker,
eba74d2f-5fda-451a-8e87-189d667cb0bc,6c803719-1558-5218-bd56-20c1e355dc1e,APPROVED_CUSTOMER,APPROVED_FINAL,2026-03-01T14:34:22Z,,,,1,C,CUSTOMER,102937c8,,William Baker,
f334ac74-a5cb-42aa-ba7d-3d68113a8790,7548b4cd-b8e1-5cea-bbb6-29055692af5b,REQUIREMENT_DRAFT,PLANNED,2026-03-03T08:10:38Z,2026-03-02T10:56:55Z,,,1,C,CUSTOMER,b96bcb3d,,Lauren Daniels,
ea9f8f91-dec9-41bc-b4d9-76974617d090,7548b4cd-b8e1-5cea-bbb6-29055692af5b,PLANNED,IN_PROGRESS,2026-03-22T15:08:33Z,2026-04-08T16:26:48Z,17,37,1,C,CUSTOMER,110c99cb,,Lauren Daniels,
72116aa6-d1cb-4f0c-8be2-a7ea77b06e20,7548b4cd-b8e1-5cea-bbb6-29055692af5b,IN_PROGRESS,SUBMITTED,2026-04-05T17:18:51Z,,,,1,C,CUSTOMER,ffe01409,Whitney Peters,Lauren Daniels,
3e014907-0f7d-4a88-92a9-24dd26830a8b,7548b4cd-b8e1-5cea-bbb6-29055692af5b,SUBMITTED,UNDER_REVIEW,2026-04-24T07:18:24Z,,,,1,C,CUSTOMER,5454a30b,,Lauren Daniels,
1908c589-8332-4ac0-bce9-4ee3d4699f4e,7548b4cd-b8e1-5cea-bbb6-29055692af5b,UNDER_REVIEW,APPROVED_DRAFT,2026-05-04T09:42:23Z,,,,1,C,CUSTOMER,5ad15fa6,,Lauren Daniels,
9c116efb-e7cc-4ed3-9a91-9eb979750293,7548b4cd-b8e1-5cea-bbb6-29055692af5b,APPROVED_DRAFT,APPROVED_CUSTOMER,2026-05-23T16:03:04Z,,,,1,C,CUSTOMER,fcc6c05b,,Lauren Daniels,
67bc5f3d-94fd-4b21-9be8-976dcd559fe3,7548b4cd-b8e1-5cea-bbb6-29055692af5b,APPROVED_CUSTOMER,APPROVED_FINAL,2026-06-07T16:12:48Z,,,,1,C,CUSTOMER,16aba54c,,Lauren Daniels,
376c25aa-4c1a-4ac7-9465-1d2d7b22d95e,5fa9bc97-db4b-5595-8a67-8b51ea9cf962,REQUIREMENT_DRAFT,PLANNED,2026-01-16T15:37:06Z,2026-02-06T14:44:36Z,,,1,A,CERTIFICATION,bc57a7e2,,Megan Young,
d01b48e7-5277-4f54-8eb7-40b8775882c4,5fa9bc97-db4b-5595-8a67-8b51ea9cf962,PLANNED,IN_PROGRESS,2026-02-04T09:30:17Z,2026-02-19T17:16:29Z,15,13,1,A,CERTIFICATION,0e79a839,,Megan Young,
0312b9df-daec-47bc-aa0e-67f1b8cbb238,5fa9bc97-db4b-5595-8a67-8b51ea9cf962,IN_PROGRESS,SUBMITTED,2026-02-26T09:13:59Z,2026-03-15T16:19:48Z,17,24,1,A,CERTIFICATION,58a185eb,Sarah Moore,Megan Young,
db548d8b-8ad1-44ac-8021-eefffb7f32eb,5fa9bc97-db4b-5595-8a67-8b51ea9cf962,SUBMITTED,UNDER_REVIEW,2026-03-13T07:33:29Z,2026-04-21T11:01:54Z,39,37,1,A,CERTIFICATION,478d6791,,Megan Young,
1e1b89dd-c1bc-49be-a442-c89f8e0ce2d8,5fa9bc97-db4b-5595-8a67-8b51ea9cf962,UNDER_REVIEW,APPROVED_DRAFT,2026-03-28T12:00:49Z,,,,1,A,CERTIFICATION,45e27516,,Megan Young,
805b78cb-003a-43a4-80de-7beb1ebdf708,5fa9bc97-db4b-5595-8a67-8b51ea9cf962,APPROVED_DRAFT,APPROVED_CERTIFICATION,2026-04-28T13:48:08Z,,,,1,A,CERTIFICATION,6a520ece,,Megan Young,Regulatory acceptance confirmed in writing.
edb5b529-355b-457d-9c29-8a55977c9d54,5fa9bc97-db4b-5595-8a67-8b51ea9cf962,APPROVED_CERTIFICATION,APPROVED_FINAL,2026-05-24T15:17:35Z,,,,1,A,CERTIFICATION,09deb003,,Megan Young,
4d9afa6f-1d3e-4116-a46a-2c01b21d4d7c,0f69c594-1223-5e9a-ab68-e77b5d70557b,REQUIREMENT_DRAFT,PLANNED,2025-11-08T16:05:29Z,2025-12-16T16:55:37Z,,,1,A,CERTIFICATION,095e6623,,Mike Allen,
3cae63ce-70b5-4002-9a42-e4e22b54763e,0f69c594-1223-5e9a-ab68-e77b5d70557b,PLANNED,IN_PROGRESS,2025-12-01T16:23:15Z,2025-12-20T12:20:06Z,19,4,1,A,CERTIFICATION,5fcf46c0,,Mike Allen,
0a485f18-3376-4294-819a-e1848ee124f4,0f69c594-1223-5e9a-ab68-e77b5d70557b,IN_PROGRESS,SUBMITTED,2025-12-28T17:01:41Z,2026-01-22T08:50:10Z,25,33,1,A,CERTIFICATION,ff7f8b10,Lisa Barnes,Mike Allen,
5c1792a8-8fe0-40d5-8a15-411a2bc67183,0f69c594-1223-5e9a-ab68-e77b5d70557b,SUBMITTED,UNDER_REVIEW,2026-01-26T10:45:18Z,2026-02-28T16:13:51Z,33,37,1,A,CERTIFICATION,001d468f,,Mike Allen,
0ad7ef9f-acab-40bc-bff1-c20879b871ec,0f69c594-1223-5e9a-ab68-e77b5d70557b,UNDER_REVIEW,REVISION_REQUIRED,2026-02-25T10:36:30Z,2026-02-25T07:19:13Z,0,-3,1,A,CERTIFICATION,a96ac3d7,,Mike Allen,Certification body requested updated material certificates.
a3ef85a3-e255-4ad4-9f8b-81137d2f282c,0f69c594-1223-5e9a-ab68-e77b5d70557b,REVISION_REQUIRED,IN_PROGRESS,2026-03-13T17:29:53Z,,,,1,A,CERTIFICATION,a3ebc412,,Mike Allen,
82c7acef-0d16-4db8-be26-aa3b4d0a1bb9,0f69c594-1223-5e9a-ab68-e77b5d70557b,IN_PROGRESS,SUBMITTED,2026-04-10T11:58:54Z,,,,1,A,CERTIFICATION,83d3643c,Lisa Barnes,Mike Allen,
006f54a0-629b-4157-ab63-4fa736f674e9,0f69c594-1223-5e9a-ab68-e77b5d70557b,SUBMITTED,UNDER_REVIEW,2026-05-02T07:11:13Z,,,,2,A,CERTIFICATION,2b1ad136,,Mike Allen,
efad065d-d8ed-4a3d-925f-e0d213b69c6b,0f69c594-1223-5e9a-ab68-e77b5d70557b,UNDER_REVIEW,APPROVED_DRAFT,2026-05-19T16:05:05Z,,,,2,A,CERTIFICATION,90ba6647,,Mike Allen,
10c9013f-9b01-4809-9bc4-1f5393fc915b,0f69c594-1223-5e9a-ab68-e77b5d70557b,APPROVED_DRAFT,APPROVED_CERTIFICATION,2026-06-03T13:11:34Z,,,,2,A,CERTIFICATION,d84b3302,,Mike Allen,Certificate issued -- reference number logged.
5d9c43a2-5bc2-488e-9b4a-1c6e5960accf,0f69c594-1223-5e9a-ab68-e77b5d70557b,APPROVED_CERTIFICATION,APPROVED_FINAL,2026-06-14T16:09:13Z,,,,2,A,CERTIFICATION,6fa07f2d,,Mike Allen,
1da57dea-495b-4aa2-8c8b-849c01528d2b,8ff56e4f-6379-5381-9e39-38ff6e60362f,REQUIREMENT_DRAFT,PLANNED,2025-10-01T12:37:27Z,2025-11-20T16:38:20Z,,,1,A,AUTHORITY,452bb9a1,,Daniel Baker,
4f5d1e41-b6d8-4574-8c1a-c2db51c920cd,8ff56e4f-6379-5381-9e39-38ff6e60362f,PLANNED,IN_PROGRESS,2025-11-12T09:28:08Z,2025-11-26T10:09:26Z,14,6,1,A,AUTHORITY,57fc9465,,Daniel Baker,
9f71a568-f528-455d-988d-b25b67239cbd,8ff56e4f-6379-5381-9e39-38ff6e60362f,IN_PROGRESS,SUBMITTED,2025-12-05T14:30:16Z,2026-02-02T12:44:24Z,59,68,1,A,AUTHORITY,5398cbea,Paul Jones,Daniel Baker,
d11c5323-c806-4c5b-bbf8-00c0f1804d12,8ff56e4f-6379-5381-9e39-38ff6e60362f,SUBMITTED,UNDER_REVIEW,2026-01-13T12:04:39Z,2026-02-07T15:02:13Z,25,5,1,A,AUTHORITY,2dd7e11e,,Daniel Baker,
e8337ab5-839b-49ba-903a-10b0a3914598,8ff56e4f-6379-5381-9e39-38ff6e60362f,UNDER_REVIEW,APPROVED_DRAFT,2026-01-30T14:33:43Z,2026-02-17T15:01:28Z,18,10,1,A,AUTHORITY,159c34cd,,Daniel Baker,
ec88afdb-e85b-4151-8254-4d59530666b4,8ff56e4f-6379-5381-9e39-38ff6e60362f,APPROVED_DRAFT,APPROVED_AUTHORITY,2026-02-15T17:56:27Z,2026-04-11T15:03:43Z,55,53,1,A,AUTHORITY,3f73954e,,Daniel Baker,Formal approval letter received and filed.
6459c732-a9b3-4731-a230-5a92c991ce06,8ff56e4f-6379-5381-9e39-38ff6e60362f,APPROVED_AUTHORITY,APPROVED_FINAL,2026-03-29T08:28:37Z,2026-05-10T17:26:30Z,42,29,1,A,AUTHORITY,0f5c984c,,Daniel Baker,
3b8e1e52-0a25-4787-9ca7-924e3a7a390d,94d79a73-7808-560e-a0a7-061ea580bb21,REQUIREMENT_DRAFT,PLANNED,2025-04-27T13:59:50Z,2025-06-08T17:47:10Z,,,1,A,CERTIFICATION,9a99fb0e,,Lisa Archer,
89d5a733-5ef0-4f2c-9bb9-8b153ce1dc84,94d79a73-7808-560e-a0a7-061ea580bb21,PLANNED,IN_PROGRESS,2025-05-15T07:04:52Z,2025-05-19T16:32:02Z,4,-20,1,A,CERTIFICATION,114a1566,,Lisa Archer,
403017f7-cdee-40a0-bf94-acf20ab859a2,94d79a73-7808-560e-a0a7-061ea580bb21,IN_PROGRESS,SUBMITTED,2025-05-28T15:58:58Z,2025-07-03T12:32:52Z,36,45,1,A,CERTIFICATION,3a7fa582,,Lisa Archer,
7d40a9ee-6fb3-4af2-ac6d-f095943f7a75,94d79a73-7808-560e-a0a7-061ea580bb21,SUBMITTED,UNDER_REVIEW,2025-06-15T11:29:02Z,2025-06-17T07:30:11Z,2,-16,1,A,CERTIFICATION,8d428524,,Lisa Archer,
a667d8d7-4afe-4bad-bf8b-e2aa4202490f,94d79a73-7808-560e-a0a7-061ea580bb21,UNDER_REVIEW,REVISION_REQUIRED,2025-07-13T09:55:18Z,2025-08-08T17:24:21Z,26,52,1,A,CERTIFICATION,628e9161,,Lisa Archer,Reviewer requested additional detail on calculations.
2d2883d2-f0cd-44d0-be68-0e4f38a343cf,94d79a73-7808-560e-a0a7-061ea580bb21,REVISION_REQUIRED,IN_PROGRESS,2025-08-13T10:42:17Z,2025-08-21T16:30:36Z,8,13,1,A,CERTIFICATION,986d81d3,,Lisa Archer,
c57627dc-3e3f-4667-bdb6-526e7280b2c1,94d79a73-7808-560e-a0a7-061ea580bb21,IN_PROGRESS,SUBMITTED,2025-09-05T16:37:46Z,2025-09-02T13:02:12Z,-3,12,1,A,CERTIFICATION,35b74fd0,,Lisa Archer,
7841446a-ab3c-4603-90e0-089a58769a50,94d79a73-7808-560e-a0a7-061ea580bb21,SUBMITTED,UNDER_REVIEW,2025-09-21T16:55:05Z,2025-10-03T14:33:09Z,12,31,2,A,CERTIFICATION,961fbff1,,Lisa Archer,
3cc89017-0d0d-4a75-80e7-69fe47d2dbef,94d79a73-7808-560e-a0a7-061ea580bb21,UNDER_REVIEW,APPROVED_DRAFT,2025-10-06T10:10:45Z,2025-10-13T14:21:07Z,7,10,2,A,CERTIFICATION,88b9175b,,Lisa Archer,
ba10f489-665e-4066-9b53-4d5bcacc68e9,94d79a73-7808-560e-a0a7-061ea580bb21,APPROVED_DRAFT,APPROVED_CERTIFICATION,2025-11-06T14:32:07Z,2025-11-24T14:45:38Z,18,42,2,A,CERTIFICATION,6db7adbc,,Lisa Archer,Regulatory acceptance confirmed in writing.
205b5b15-07cb-4ed9-bb1a-2eedc04dab77,94d79a73-7808-560e-a0a7-061ea580bb21,APPROVED_CERTIFICATION,APPROVED_FINAL,2025-11-24T16:09:03Z,2026-01-02T15:09:25Z,39,39,2,A,CERTIFICATION,f80cf0e5,,Lisa Archer,
b079ef9d-e30f-4c1b-bb88-b4dd846d4909,40b4a35e-0eba-56bb-81a7-d1b505fb3245,REQUIREMENT_DRAFT,PLANNED,2025-07-31T13:46:57Z,2025-08-03T12:55:14Z,,,1,B,CUSTOMER,4ee11576,,Brian Rodriguez,
5a6183db-0bf0-4bb4-9072-40ed535db432,40b4a35e-0eba-56bb-81a7-d1b505fb3245,PLANNED,IN_PROGRESS,2025-08-10T08:22:36Z,2025-08-25T09:39:57Z,15,22,1,B,CUSTOMER,4fd447fa,,Brian Rodriguez,
568f2b8b-51ec-4cf1-9373-a7e4cb2c6d35,40b4a35e-0eba-56bb-81a7-d1b505fb3245,IN_PROGRESS,SUBMITTED,2025-08-21T09:48:06Z,2025-08-27T07:34:22Z,6,2,1,B,CUSTOMER,fce6aac8,Matthew Mcmillan,Brian Rodriguez,
7ea8c3ec-aea9-48ed-aa4f-f2962e5930cf,40b4a35e-0eba-56bb-81a7-d1b505fb3245,SUBMITTED,UNDER_REVIEW,2025-09-11T13:02:20Z,2025-09-23T11:56:16Z,12,27,1,B,CUSTOMER,2813d34d,,Brian Rodriguez,
d7cc0677-9bdd-410d-a944-1a997a929cb9,40b4a35e-0eba-56bb-81a7-d1b505fb3245,UNDER_REVIEW,REVISION_REQUIRED,2025-10-02T09:46:04Z,2025-10-22T10:42:03Z,20,29,1,B,CUSTOMER,82d22cb7,,Brian Rodriguez,Authority raised query on safety justification.
fcc33b88-1da0-4e37-8f41-734ea485d7a6,40b4a35e-0eba-56bb-81a7-d1b505fb3245,REVISION_REQUIRED,IN_PROGRESS,2025-10-20T08:34:05Z,2025-11-07T16:55:27Z,18,16,1,B,CUSTOMER,7e6298fa,,Brian Rodriguez,
72bf3783-fb3f-4978-8c45-c8109f1b11ff,40b4a35e-0eba-56bb-81a7-d1b505fb3245,IN_PROGRESS,SUBMITTED,2025-10-29T15:06:19Z,2025-11-15T15:06:57Z,17,8,1,B,CUSTOMER,a9fdcded,Matthew Mcmillan,Brian Rodriguez,
7c93db1f-1e6e-4e29-874d-b45732e1ac2d,40b4a35e-0eba-56bb-81a7-d1b505fb3245,SUBMITTED,UNDER_REVIEW,2025-11-15T14:14:09Z,2025-11-22T09:52:23Z,7,7,2,B,CUSTOMER,dfc7f869,,Brian Rodriguez,
55aaa4ca-22fb-4fba-81c3-651fea715404,40b4a35e-0eba-56bb-81a7-d1b505fb3245,UNDER_REVIEW,APPROVED_DRAFT,2025-11-24T17:06:20Z,2025-11-20T15:16:56Z,-4,-2,2,B,CUSTOMER,188e7d6b,,Brian Rodriguez,
aca5f523-d7ec-478b-a7d6-af79759ac8b9,40b4a35e-0eba-56bb-81a7-d1b505fb3245,APPROVED_DRAFT,APPROVED_CUSTOMER,2025-12-01T13:04:13Z,2025-11-28T16:48:31Z,-3,8,2,B,CUSTOMER,93874b9b,,Brian Rodriguez,
b870ef6b-09a0-4a43-a5af-14723aa505b3,40b4a35e-0eba-56bb-81a7-d1b505fb3245,APPROVED_CUSTOMER,APPROVED_FINAL,2025-12-12T09:22:41Z,2025-12-22T15:37:17Z,10,24,2,B,CUSTOMER,1dd62723,,Brian Rodriguez,
f7b00590-5a3b-4d49-85ba-71ab95fd43a9,c4d2df48-38a3-5cd8-ae56-2356d65557af,REQUIREMENT_DRAFT,PLANNED,2025-10-16T14:38:21Z,2025-10-18T11:52:50Z,,,1,A,AUTHORITY,b34bfd93,,John Whitehead,
a614486a-32c1-4199-8794-6421aeaaa56e,c4d2df48-38a3-5cd8-ae56-2356d65557af,PLANNED,IN_PROGRESS,2025-11-23T14:55:07Z,2025-12-07T07:37:03Z,14,50,1,A,AUTHORITY,02972e49,,John Whitehead,
c9fa995f-0b69-44f9-9712-b3ec6eea252a,c4d2df48-38a3-5cd8-ae56-2356d65557af,IN_PROGRESS,SUBMITTED,2025-12-22T12:25:16Z,2026-01-19T10:19:19Z,28,43,1,A,AUTHORITY,a28a65ff,Christina Walters,John Whitehead,
72865197-4a28-46be-ad4b-df2dee546a98,c4d2df48-38a3-5cd8-ae56-2356d65557af,SUBMITTED,UNDER_REVIEW,2026-02-01T08:57:08Z,2026-03-29T16:03:04Z,56,69,1,A,AUTHORITY,d58098a9,,John Whitehead,
bac3f7f7-62ad-4bcd-b21e-1e6cd3c762cb,c4d2df48-38a3-5cd8-ae56-2356d65557af,UNDER_REVIEW,APPROVED_DRAFT,2026-03-07T12:50:59Z,2026-04-23T16:21:36Z,47,25,1,A,AUTHORITY,21a64f73,,John Whitehead,
f73a4a03-1a22-49b3-8fce-9790a099352d,c4d2df48-38a3-5cd8-ae56-2356d65557af,APPROVED_DRAFT,APPROVED_AUTHORITY,2026-03-24T10:11:14Z,2026-05-08T13:11:13Z,45,15,1,A,AUTHORITY,606e5e73,,John Whitehead,Formal approval letter received and filed.
b9816528-e44d-4a9d-b19a-aef357b3c239,c4d2df48-38a3-5cd8-ae56-2356d65557af,APPROVED_AUTHORITY,APPROVED_FINAL,2026-04-26T16:02:46Z,2026-05-08T07:20:01Z,12,0,1,A,AUTHORITY,c9b8a2de,,John Whitehead,
56163bb3-e38f-4b3e-9d26-653ea2e9e28d,08a35aa2-8f2d-5095-b6e7-e9164d302c45,REQUIREMENT_DRAFT,PLANNED,2026-02-07T07:47:05Z,2026-03-16T08:38:43Z,,,1,B,CERTIFICATION,729d2750,,Deborah Figueroa,
b9f30736-afe2-4549-a04f-2d379a1179d5,08a35aa2-8f2d-5095-b6e7-e9164d302c45,PLANNED,IN_PROGRESS,2026-03-04T16:03:58Z,2026-04-15T17:25:11Z,42,30,1,B,CERTIFICATION,d13f2759,,Deborah Figueroa,
e22c8f77-b399-4df3-ad88-6a9f194b0377,08a35aa2-8f2d-5095-b6e7-e9164d302c45,IN_PROGRESS,SUBMITTED,2026-03-23T10:34:36Z,2026-03-29T08:52:38Z,6,-17,1,B,CERTIFICATION,18d8e30a,Aaron Wise,Deborah Figueroa,
6ba5e255-cf36-4e82-9cbb-996df38116b4,08a35aa2-8f2d-5095-b6e7-e9164d302c45,SUBMITTED,UNDER_REVIEW,2026-04-14T10:22:28Z,2026-04-17T16:26:08Z,3,19,1,B,CERTIFICATION,0042c62b,,Deborah Figueroa,
83dfb380-7d6b-4e71-a83c-4ecb66fb7c4f,08a35aa2-8f2d-5095-b6e7-e9164d302c45,UNDER_REVIEW,APPROVED_DRAFT,2026-05-01T11:25:12Z,,,,1,B,CERTIFICATION,cb476128,,Deborah Figueroa,
41b29e37-3338-4183-9108-f775af2153c9,08a35aa2-8f2d-5095-b6e7-e9164d302c45,APPROVED_DRAFT,APPROVED_CERTIFICATION,2026-05-29T14:19:24Z,,,,1,B,CERTIFICATION,0f1ae976,,Deborah Figueroa,Certificate issued -- reference number logged.
5ba2eccc-b7f9-4b5b-9c0b-ca7a3c1d8fcd,08a35aa2-8f2d-5095-b6e7-e9164d302c45,APPROVED_CERTIFICATION,APPROVED_FINAL,2026-06-16T11:22:31Z,,,,1,B,CERTIFICATION,09704f4d,,Deborah Figueroa,
aba7fbff-992b-4297-ba24-ac45db793564,fcd30f12-5abe-5af8-b2ed-ccb79b2df311,REQUIREMENT_DRAFT,PLANNED,2025-05-25T10:16:11Z,2025-06-08T11:06:19Z,,,1,A,CUSTOMER,67586f3f,,Cameron Parker,
d30d009d-d81f-479d-91cd-60d86b6e5c91,fcd30f12-5abe-5af8-b2ed-ccb79b2df311,PLANNED,IN_PROGRESS,2025-06-13T07:18:27Z,2025-06-16T17:37:12Z,3,8,1,A,CUSTOMER,138dee57,,Cameron Parker,
8595ea4b-6b6a-4326-91e1-3e6e9a545057,fcd30f12-5abe-5af8-b2ed-ccb79b2df311,IN_PROGRESS,SUBMITTED,2025-06-29T14:55:53Z,2025-07-13T08:25:11Z,14,27,1,A,CUSTOMER,6ff2353d,Stephen Mckee,Cameron Parker,
1f7aae6e-d1bc-43ea-b904-4b0ef0be7833,fcd30f12-5abe-5af8-b2ed-ccb79b2df311,SUBMITTED,UNDER_REVIEW,2025-07-15T13:06:29Z,2025-08-02T16:29:14Z,18,20,1,A,CUSTOMER,90ddbda5,,Cameron Parker,
93cc7a9a-9a47-4c60-b3bc-01c4b6caffbe,fcd30f12-5abe-5af8-b2ed-ccb79b2df311,UNDER_REVIEW,APPROVED_DRAFT,2025-07-30T07:01:35Z,2025-08-10T14:37:34Z,11,8,1,A,CUSTOMER,daabdb95,,Cameron Parker,
0ca9cefb-1015-44a8-b94c-3d1925f19c9c,fcd30f12-5abe-5af8-b2ed-ccb79b2df311,APPROVED_DRAFT,APPROVED_CUSTOMER,2025-08-09T17:53:38Z,2025-08-15T10:02:06Z,6,5,1,A,CUSTOMER,551b80b3,,Cameron Parker,
daee2128-7856-4879-b9a5-e7fa86dbc358,fcd30f12-5abe-5af8-b2ed-ccb79b2df311,APPROVED_CUSTOMER,APPROVED_FINAL,2025-08-27T07:20:31Z,2025-09-04T15:14:37Z,8,20,1,A,CUSTOMER,25d581cd,,Cameron Parker,
3b086e37-c729-4ed9-8ffc-4d714be8ab12,c5565c8d-170c-5a6f-bd80-12a203ba32a1,REQUIREMENT_DRAFT,PLANNED,2025-08-23T08:12:33Z,2025-10-04T12:40:18Z,,,1,A,AUTHORITY,7adff6ad,,Lisa Thomas,
77998b66-a094-48e6-8e3d-72d3fb530c61,c5565c8d-170c-5a6f-bd80-12a203ba32a1,PLANNED,IN_PROGRESS,2025-09-27T13:58:56Z,2025-10-06T17:12:20Z,9,2,1,A,AUTHORITY,197975ea,,Lisa Thomas,
092e3d76-bfc2-484e-83e9-6123aa096aa7,c5565c8d-170c-5a6f-bd80-12a203ba32a1,IN_PROGRESS,SUBMITTED,2025-10-19T11:24:17Z,2025-12-13T15:05:36Z,55,68,1,A,AUTHORITY,517f518b,Erika Allen,Lisa Thomas,
548bc7e0-bce0-4b5f-a4cc-0cfccef1f37b,c5565c8d-170c-5a6f-bd80-12a203ba32a1,SUBMITTED,UNDER_REVIEW,2025-11-24T13:41:06Z,2025-12-07T12:39:00Z,13,-6,1,A,AUTHORITY,a43b4c41,,Lisa Thomas,
10882cc3-1526-41f7-8ba0-5504aeffe490,c5565c8d-170c-5a6f-bd80-12a203ba32a1,UNDER_REVIEW,REVISION_REQUIRED,2025-12-18T14:54:35Z,2026-01-09T08:53:22Z,22,33,1,A,AUTHORITY,ad0fcff7,,Lisa Thomas,Client comments received -- scope clarification needed.
efc5dded-1cc3-424f-b22d-716208268572,c5565c8d-170c-5a6f-bd80-12a203ba32a1,REVISION_REQUIRED,IN_PROGRESS,2026-01-19T09:53:27Z,2026-01-30T14:22:04Z,11,21,1,A,AUTHORITY,93e0ed0f,,Lisa Thomas,
cc1abe9b-bd46-492b-a9b4-aa098f11d04c,c5565c8d-170c-5a6f-bd80-12a203ba32a1,IN_PROGRESS,SUBMITTED,2026-02-28T13:11:30Z,2026-04-17T14:24:20Z,48,77,1,A,AUTHORITY,1a1e0636,Erika Allen,Lisa Thomas,
64e6f057-22db-4337-bb5b-5eecd3015382,c5565c8d-170c-5a6f-bd80-12a203ba32a1,SUBMITTED,UNDER_REVIEW,2026-03-26T14:39:48Z,2026-04-18T13:12:37Z,23,1,2,A,AUTHORITY,fa8467bc,,Lisa Thomas,
92bf3b39-cde0-4f06-832d-2b53b8a2fa2b,c5565c8d-170c-5a6f-bd80-12a203ba32a1,UNDER_REVIEW,APPROVED_DRAFT,2026-04-12T14:16:07Z,2026-04-19T08:37:42Z,7,1,2,A,AUTHORITY,b83367f1,,Lisa Thomas,
5cdd9e4c-63cd-4eeb-a334-076d75d54d4e,c5565c8d-170c-5a6f-bd80-12a203ba32a1,APPROVED_DRAFT,APPROVED_AUTHORITY,2026-04-29T09:31:54Z,,,,2,A,AUTHORITY,1dab4614,,Lisa Thomas,Certificate issued -- reference number logged.
30230df9-9554-499e-958d-e970a14be719,c5565c8d-170c-5a6f-bd80-12a203ba32a1,APPROVED_AUTHORITY,APPROVED_FINAL,2026-05-16T09:51:57Z,,,,2,A,AUTHORITY,8dac696b,,Lisa Thomas,
08c53b0c-a197-43d3-8d56-253b406b7009,582e1767-81e2-5186-ba00-bab004939182,REQUIREMENT_DRAFT,PLANNED,2025-09-15T07:25:36Z,2025-11-06T08:20:13Z,,,1,A,AUTHORITY,16dd5a12,,Katie Houston,
3667419f-c89d-431f-9721-47390e872222,582e1767-81e2-5186-ba00-bab004939182,PLANNED,IN_PROGRESS,2025-10-11T10:41:22Z,2025-10-31T17:32:47Z,20,-6,1,A,AUTHORITY,c37df65a,,Katie Houston,
dc22ff06-e71b-4d9b-b94f-35ef15d732e9,582e1767-81e2-5186-ba00-bab004939182,IN_PROGRESS,SUBMITTED,2025-10-28T11:55:37Z,2025-11-04T08:33:16Z,7,4,1,A,AUTHORITY,08b3f4e6,Kathryn Rosales,Katie Houston,
de50bc0f-10e4-4e36-b917-48060a29e3e1,582e1767-81e2-5186-ba00-bab004939182,SUBMITTED,UNDER_REVIEW,2025-11-11T07:03:21Z,2025-11-20T17:08:22Z,9,16,1,A,AUTHORITY,3ca31597,,Katie Houston,
396305df-5e95-4356-bfae-7087c446b3f5,582e1767-81e2-5186-ba00-bab004939182,UNDER_REVIEW,REVISION_REQUIRED,2025-12-14T17:38:44Z,2025-12-21T07:28:30Z,7,31,1,A,AUTHORITY,a5e6d111,,Katie Houston,Mark-up returned -- title block correction required.
9b3c2c8f-4897-48b4-93e3-003f5fde24bc,582e1767-81e2-5186-ba00-bab004939182,REVISION_REQUIRED,IN_PROGRESS,2026-01-06T17:34:11Z,2026-01-19T14:06:07Z,13,29,1,A,AUTHORITY,47d0b48f,,Katie Houston,
cb257988-91ed-4234-9599-0d5dc823c590,582e1767-81e2-5186-ba00-bab004939182,IN_PROGRESS,SUBMITTED,2026-01-21T07:25:17Z,2026-03-04T09:47:04Z,42,44,1,A,AUTHORITY,b9ad5751,Kathryn Rosales,Katie Houston,
ad6ef7c0-fd78-40ff-bcce-176ee88a44fb,582e1767-81e2-5186-ba00-bab004939182,SUBMITTED,UNDER_REVIEW,2026-02-04T14:25:12Z,2026-03-06T12:54:20Z,30,2,2,A,AUTHORITY,9b92d523,,Katie Houston,
a1e01609-2fdd-42bc-bb96-d8198fe62e6f,582e1767-81e2-5186-ba00-bab004939182,UNDER_REVIEW,APPROVED_DRAFT,2026-02-20T07:10:19Z,2026-02-17T10:36:44Z,-3,-17,2,A,AUTHORITY,146026fa,,Katie Houston,
b337add7-b0bf-47c0-9c31-35f1d20d2bfe,582e1767-81e2-5186-ba00-bab004939182,APPROVED_DRAFT,APPROVED_AUTHORITY,2026-03-24T13:50:03Z,2026-03-28T07:50:38Z,4,39,2,A,AUTHORITY,3b8a77cc,,Katie Houston,Regulatory acceptance confirmed in writing.
d9161579-6d61-4356-a336-0923b9dc3e8a,582e1767-81e2-5186-ba00-bab004939182,APPROVED_AUTHORITY,APPROVED_FINAL,2026-04-07T08:53:33Z,2026-04-18T16:20:40Z,11,21,2,A,AUTHORITY,b4459b4d,,Katie Houston,
8fdf3cc8-9cd9-40b6-b35c-1b8641bb7737,87e32742-a24a-5b0b-be72-2fb2563f4fba,REQUIREMENT_DRAFT,PLANNED,2026-04-27T11:31:47Z,2026-04-26T15:00:08Z,,,1,B,INTERNAL,a55ffac5,,Brad Gonzalez,
23b8d0ab-a265-434f-8d2d-6fd8fa36c55d,87e32742-a24a-5b0b-be72-2fb2563f4fba,PLANNED,IN_PROGRESS,2026-05-01T15:09:26Z,2026-05-05T11:45:20Z,4,9,1,B,INTERNAL,485497c7,,Brad Gonzalez,
fe87081f-9f90-4c27-bf0c-9234b95f29fc,87e32742-a24a-5b0b-be72-2fb2563f4fba,IN_PROGRESS,SUBMITTED,2026-05-05T07:25:35Z,2026-05-06T17:58:11Z,1,1,1,B,INTERNAL,27f4fc24,,Brad Gonzalez,
1348c4bd-b7a0-488c-978a-767c44be7791,87e32742-a24a-5b0b-be72-2fb2563f4fba,SUBMITTED,UNDER_REVIEW,2026-05-10T15:24:25Z,2026-05-10T13:12:07Z,0,4,1,B,INTERNAL,48946191,,Brad Gonzalez,
d27ded49-9379-4e22-bc1a-3107748953a0,87e32742-a24a-5b0b-be72-2fb2563f4fba,UNDER_REVIEW,APPROVED_DRAFT,2026-05-16T09:18:27Z,,,,1,B,INTERNAL,5a0e2b28,,Brad Gonzalez,
663aa4e6-a8f1-4fa0-9fe4-1c5cc61102d1,87e32742-a24a-5b0b-be72-2fb2563f4fba,APPROVED_DRAFT,APPROVED_FINAL,2026-05-22T15:26:33Z,,,,1,B,INTERNAL,13f7f916,,Brad Gonzalez,
f8236c6d-2532-4a5c-88f4-037c180eaa3f,5f0ae709-f6b0-5314-8fa6-9b3fe3fe39df,REQUIREMENT_DRAFT,PLANNED,2026-02-14T07:32:51Z,2026-02-15T15:50:19Z,,,1,A,INTERNAL,a487ea21,,Natalie Atkinson,
e618cc74-16ac-42c3-a549-699d8ada2658,5f0ae709-f6b0-5314-8fa6-9b3fe3fe39df,PLANNED,IN_PROGRESS,2026-02-18T10:44:53Z,2026-02-23T07:07:41Z,5,8,1,A,INTERNAL,15c09da9,,Natalie Atkinson,
bbbea926-181b-4b5b-a9a3-c11d256b2632,5f0ae709-f6b0-5314-8fa6-9b3fe3fe39df,IN_PROGRESS,SUBMITTED,2026-02-23T09:02:32Z,2026-02-27T12:00:20Z,4,4,1,A,INTERNAL,cb4183da,Jessica Padilla,Natalie Atkinson,
9c7b4abd-6f7d-428f-9bfc-1bcb1f0dfad8,5f0ae709-f6b0-5314-8fa6-9b3fe3fe39df,SUBMITTED,UNDER_REVIEW,2026-03-01T10:16:26Z,,,,1,A,INTERNAL,ed44808c,,Natalie Atkinson,
237967d9-d288-404e-8465-f1e373f93964,5f0ae709-f6b0-5314-8fa6-9b3fe3fe39df,UNDER_REVIEW,APPROVED_DRAFT,2026-03-08T10:29:13Z,,,,1,A,INTERNAL,a56d6a02,,Natalie Atkinson,
1f7e5e6b-89df-4901-b245-2ac86d64038d,5f0ae709-f6b0-5314-8fa6-9b3fe3fe39df,APPROVED_DRAFT,APPROVED_FINAL,2026-03-18T07:49:41Z,,,,1,A,INTERNAL,ac20125a,,Natalie Atkinson,
3e9cfd27-1606-4fe0-8658-086c6d189088,946d4586-c6b9-5d32-8a56-e68642e59e4c,REQUIREMENT_DRAFT,PLANNED,2025-02-08T17:16:59Z,2025-03-12T17:48:01Z,,,1,A,CERTIFICATION,0ccf1484,,Ricardo Arnold,
a00b251b-ddf2-4259-8dba-77a5efd1d687,946d4586-c6b9-5d32-8a56-e68642e59e4c,PLANNED,IN_PROGRESS,2025-03-04T15:52:46Z,2025-03-19T10:25:15Z,15,7,1,A,CERTIFICATION,28063909,,Ricardo Arnold,
37fae055-7ed7-4f55-97fc-ded5db6777ad,946d4586-c6b9-5d32-8a56-e68642e59e4c,IN_PROGRESS,SUBMITTED,2025-03-18T08:29:54Z,2025-03-26T10:33:29Z,8,7,1,A,CERTIFICATION,730867c8,Joel Miller,Ricardo Arnold,
ce919695-5022-4a23-ac7e-f778ae43e184,946d4586-c6b9-5d32-8a56-e68642e59e4c,SUBMITTED,UNDER_REVIEW,2025-04-04T09:07:14Z,2025-05-18T15:52:28Z,44,53,1,A,CERTIFICATION,7ab2f55a,,Ricardo Arnold,
0645be06-1529-4059-9b0d-daae36a1929f,946d4586-c6b9-5d32-8a56-e68642e59e4c,UNDER_REVIEW,APPROVED_DRAFT,2025-04-30T08:54:24Z,2025-06-12T10:36:23Z,43,25,1,A,CERTIFICATION,87433be0,,Ricardo Arnold,
31579b18-8218-41ba-a818-a7d394ca837c,946d4586-c6b9-5d32-8a56-e68642e59e4c,APPROVED_DRAFT,APPROVED_CERTIFICATION,2025-05-22T12:29:07Z,2025-06-07T08:54:10Z,16,-5,1,A,CERTIFICATION,6429a208,,Ricardo Arnold,Certificate issued -- reference number logged.
3971d505-481b-43bc-93dd-a1e93e976ddf,946d4586-c6b9-5d32-8a56-e68642e59e4c,APPROVED_CERTIFICATION,APPROVED_FINAL,2025-06-09T12:01:47Z,2025-06-24T14:28:21Z,15,17,1,A,CERTIFICATION,1a8563c5,,Ricardo Arnold,
80dbbda1-34fb-4419-9cb2-424cb4036467,e10f9268-c950-514f-b076-5f01cd3ce387,REQUIREMENT_DRAFT,PLANNED,2025-10-14T17:22:55Z,2025-11-03T07:21:04Z,,,1,A,CERTIFICATION,163e74d2,,Kiara Robinson,
fac10a65-100b-44cd-997f-090d59c86511,e10f9268-c950-514f-b076-5f01cd3ce387,PLANNED,IN_PROGRESS,2025-11-07T09:33:15Z,2025-12-16T10:00:02Z,39,43,1,A,CERTIFICATION,15db4a96,,Kiara Robinson,
e6ea7f6c-b792-4d38-b7e8-35bc4ef39777,e10f9268-c950-514f-b076-5f01cd3ce387,IN_PROGRESS,SUBMITTED,2025-11-25T11:30:38Z,,,,1,A,CERTIFICATION,892140db,Timothy Brown,Kiara Robinson,
fd21bad5-d954-418c-b0c1-69589be77561,e10f9268-c950-514f-b076-5f01cd3ce387,SUBMITTED,UNDER_REVIEW,2025-12-20T17:26:10Z,,,,1,A,CERTIFICATION,86332d53,,Kiara Robinson,
61b36525-75bd-44aa-a928-748296417a81,e10f9268-c950-514f-b076-5f01cd3ce387,UNDER_REVIEW,REVISION_REQUIRED,2026-01-13T13:41:51Z,,,,1,A,CERTIFICATION,7d7b8a67,,Kiara Robinson,Certification body requested updated material certificates.
43e09a45-0776-4c65-a300-3bb135819142,e10f9268-c950-514f-b076-5f01cd3ce387,REVISION_REQUIRED,IN_PROGRESS,2026-02-05T16:12:19Z,,,,1,A,CERTIFICATION,a9222193,,Kiara Robinson,
3d4b466b-4512-4f43-8b40-423a2ba5bdab,e10f9268-c950-514f-b076-5f01cd3ce387,IN_PROGRESS,SUBMITTED,2026-02-19T17:42:41Z,,,,1,A,CERTIFICATION,22ca1ded,Timothy Brown,Kiara Robinson,
6c02bbbb-6038-4b00-a79e-433c8c105105,e10f9268-c950-514f-b076-5f01cd3ce387,SUBMITTED,UNDER_REVIEW,2026-03-10T11:48:04Z,,,,2,A,CERTIFICATION,0f63156e,,Kiara Robinson,
13fcd920-d091-44cf-8679-b91dd2567cb1,e10f9268-c950-514f-b076-5f01cd3ce387,UNDER_REVIEW,APPROVED_DRAFT,2026-04-07T07:51:06Z,,,,2,A,CERTIFICATION,f871c19b,,Kiara Robinson,
9fa2d7a4-6eb4-47c9-b3ab-e85853461e93,e10f9268-c950-514f-b076-5f01cd3ce387,APPROVED_DRAFT,APPROVED_CERTIFICATION,2026-04-20T10:49:28Z,,,,2,A,CERTIFICATION,5a7e5543,,Kiara Robinson,Certificate issued -- reference number logged.
41ddefb9-23f6-4ae9-8d4b-8d34bc5e5775,e10f9268-c950-514f-b076-5f01cd3ce387,APPROVED_CERTIFICATION,APPROVED_FINAL,2026-05-05T16:52:46Z,,,,2,A,CERTIFICATION,dae2fcc0,,Kiara Robinson,
4f0250bb-27f5-400c-b7e4-0d12ee773e2a,4d7a4c49-408c-5a7d-b4ea-5272ef24b204,REQUIREMENT_DRAFT,PLANNED,2025-11-18T07:48:27Z,2026-01-09T14:13:16Z,,,1,A,AUTHORITY,e1845af2,,Andrew Howard DVM,
82856d18-d8ad-4676-84ef-b42edcfd0a8c,4d7a4c49-408c-5a7d-b4ea-5272ef24b204,PLANNED,IN_PROGRESS,2025-12-30T13:21:00Z,2026-01-22T09:51:19Z,23,13,1,A,AUTHORITY,e5f2136b,,Andrew Howard DVM,
7978b25f-ee6c-44c4-8579-dc6703b9d26d,4d7a4c49-408c-5a7d-b4ea-5272ef24b204,IN_PROGRESS,SUBMITTED,2026-02-02T12:39:57Z,,,,1,A,AUTHORITY,e1461eea,Oscar Mack,Andrew Howard DVM,
cf0b40a6-145c-43b1-b571-8e6747822a23,4d7a4c49-408c-5a7d-b4ea-5272ef24b204,SUBMITTED,UNDER_REVIEW,2026-02-26T13:25:08Z,,,,1,A,AUTHORITY,3f109c73,,Andrew Howard DVM,
1e7f33c5-d442-4c7d-9242-e3373813df9c,4d7a4c49-408c-5a7d-b4ea-5272ef24b204,UNDER_REVIEW,APPROVED_DRAFT,2026-03-12T10:26:40Z,,,,1,A,AUTHORITY,59b7ad4a,,Andrew Howard DVM,
8834a04d-a8cf-4207-9f32-57ec90b5c8ac,4d7a4c49-408c-5a7d-b4ea-5272ef24b204,APPROVED_DRAFT,APPROVED_AUTHORITY,2026-04-15T14:04:20Z,,,,1,A,AUTHORITY,ef3648ed,,Andrew Howard DVM,Certificate issued -- reference number logged.
8e4d4128-a858-43b4-bbe9-eea3ff7da97e,4d7a4c49-408c-5a7d-b4ea-5272ef24b204,APPROVED_AUTHORITY,APPROVED_FINAL,2026-05-22T17:57:58Z,,,,1,A,AUTHORITY,0377e5f4,,Andrew Howard DVM,
109baac2-f930-43d4-9725-e2f50fdaca14,9e215634-cc41-5172-96bc-252eff149288,REQUIREMENT_DRAFT,PLANNED,2025-11-23T10:25:07Z,2025-12-11T11:04:22Z,,,1,A,CUSTOMER,0e4f3b1d,,Anna Evans,
43c2c0a3-2461-46cd-a385-eea08e7d84f9,9e215634-cc41-5172-96bc-252eff149288,PLANNED,IN_PROGRESS,2025-12-13T11:04:02Z,2025-12-20T11:57:09Z,7,9,1,A,CUSTOMER,28637fcc,,Anna Evans,
bef4beb4-19f7-4345-8cca-b27ecf716598,9e215634-cc41-5172-96bc-252eff149288,IN_PROGRESS,SUBMITTED,2025-12-22T11:39:16Z,,,,1,A,CUSTOMER,ff24ec4a,William Stein,Anna Evans,
c32b6a15-4b5f-491b-87da-88832e02a637,9e215634-cc41-5172-96bc-252eff149288,SUBMITTED,UNDER_REVIEW,2026-01-06T14:07:28Z,,,,1,A,CUSTOMER,bc10f003,,Anna Evans,
a0b7ce93-1382-47dc-96d3-626413ad6b21,9e215634-cc41-5172-96bc-252eff149288,UNDER_REVIEW,APPROVED_DRAFT,2026-01-18T16:39:53Z,,,,1,A,CUSTOMER,9e1fabbe,,Anna Evans,
25869c83-1ec4-4d04-9968-6f2f11a876e1,9e215634-cc41-5172-96bc-252eff149288,APPROVED_DRAFT,APPROVED_CUSTOMER,2026-01-30T11:13:25Z,,,,1,A,CUSTOMER,02981555,,Anna Evans,
48f8310a-13e3-4dc5-869f-5ceab8321fd2,9e215634-cc41-5172-96bc-252eff149288,APPROVED_CUSTOMER,APPROVED_FINAL,2026-02-13T15:00:55Z,,,,1,A,CUSTOMER,0d5d91ce,,Anna Evans,
f91e9cab-2392-4d31-9834-1d99ed0234f1,2f7e9876-007b-5bcd-b254-9a6552f19bdd,REQUIREMENT_DRAFT,PLANNED,2025-07-30T07:51:54Z,2025-08-16T15:09:05Z,,,1,A,CERTIFICATION,cd0d9c74,,John Hodges,
72264bc0-40c9-4cd8-8507-81790a8f3a36,2f7e9876-007b-5bcd-b254-9a6552f19bdd,PLANNED,IN_PROGRESS,2025-08-11T12:52:44Z,2025-09-15T07:42:15Z,35,30,1,A,CERTIFICATION,deca1faa,,John Hodges,
0a9268e9-b075-496e-9730-c3e58a153cfe,2f7e9876-007b-5bcd-b254-9a6552f19bdd,IN_PROGRESS,SUBMITTED,2025-09-02T08:26:01Z,2025-09-08T15:07:21Z,6,-7,1,A,CERTIFICATION,21a1cdd9,Ryan Herman,John Hodges,
5e22d45e-3333-4346-86aa-411d839939c3,2f7e9876-007b-5bcd-b254-9a6552f19bdd,SUBMITTED,UNDER_REVIEW,2025-09-28T13:01:30Z,2025-10-18T08:19:06Z,20,40,1,A,CERTIFICATION,bf6a9b81,,John Hodges,
936be85d-9d10-40fb-b622-b819ceabb0b0,2f7e9876-007b-5bcd-b254-9a6552f19bdd,UNDER_REVIEW,REVISION_REQUIRED,2025-10-14T07:29:06Z,2025-10-24T14:15:52Z,10,6,1,A,CERTIFICATION,474ecef9,,John Hodges,Client comments received -- scope clarification needed.
ea9dab8f-6840-43ce-bb63-bee86ee692ce,2f7e9876-007b-5bcd-b254-9a6552f19bdd,REVISION_REQUIRED,IN_PROGRESS,2025-10-28T12:12:09Z,2025-11-10T15:56:00Z,13,17,1,A,CERTIFICATION,c7ca83a2,,John Hodges,
bc2d8927-a59f-476a-ab79-c162d1696ef6,2f7e9876-007b-5bcd-b254-9a6552f19bdd,IN_PROGRESS,SUBMITTED,2025-11-15T11:33:14Z,2025-11-26T09:44:55Z,11,16,1,A,CERTIFICATION,1a939797,Ryan Herman,John Hodges,
4489e2c6-fa70-4066-ae47-2ca82b8a3740,2f7e9876-007b-5bcd-b254-9a6552f19bdd,SUBMITTED,UNDER_REVIEW,2025-11-27T17:30:54Z,2026-01-03T16:30:32Z,37,38,2,A,CERTIFICATION,acdf7f49,,John Hodges,
603896b6-afa7-42b0-ad78-e6da3dc1c3b9,2f7e9876-007b-5bcd-b254-9a6552f19bdd,UNDER_REVIEW,APPROVED_DRAFT,2025-12-23T17:58:01Z,2026-01-20T17:52:41Z,28,17,2,A,CERTIFICATION,a6690a61,,John Hodges,
3edc53c9-0f60-4b80-999c-20638024cc8c,2f7e9876-007b-5bcd-b254-9a6552f19bdd,APPROVED_DRAFT,APPROVED_CERTIFICATION,2026-01-03T08:36:52Z,2026-01-04T12:35:13Z,1,-16,2,A,CERTIFICATION,a9fbb196,,John Hodges,Formal approval letter received and filed.
d15eddef-63a9-47a1-91e4-4925b2150cc9,2f7e9876-007b-5bcd-b254-9a6552f19bdd,APPROVED_CERTIFICATION,APPROVED_FINAL,2026-01-30T12:26:27Z,2026-03-03T10:07:00Z,32,58,2,A,CERTIFICATION,673bdb10,,John Hodges,
917f9418-eefd-43f3-b15e-83e28ed8a398,5e6ae7cb-c2f6-597d-a77e-44fa25268838,REQUIREMENT_DRAFT,PLANNED,2026-04-04T16:38:42Z,2026-04-12T07:10:14Z,,,1,A,CUSTOMER,18eb974e,,John Stephenson,
6139a98c-b42b-47b7-a64d-b54bb63fbfc7,5e6ae7cb-c2f6-597d-a77e-44fa25268838,PLANNED,IN_PROGRESS,2026-04-16T07:41:12Z,2026-05-03T16:43:43Z,17,21,1,A,CUSTOMER,f04d9ca8,,John Stephenson,
cf438a42-6bdf-4a9e-820a-06c2b8e34aa7,5e6ae7cb-c2f6-597d-a77e-44fa25268838,IN_PROGRESS,SUBMITTED,2026-04-24T12:15:35Z,,,,1,A,CUSTOMER,cca7d84e,Alyssa Smith,John Stephenson,
95303698-bd9a-42a8-96dd-dbdda376d7ee,5e6ae7cb-c2f6-597d-a77e-44fa25268838,SUBMITTED,UNDER_REVIEW,2026-05-06T17:38:35Z,,,,1,A,CUSTOMER,11bc2af6,,John Stephenson,
943593bd-817c-4a6c-a18e-911a1e22832f,5e6ae7cb-c2f6-597d-a77e-44fa25268838,UNDER_REVIEW,APPROVED_DRAFT,2026-05-26T08:41:12Z,,,,1,A,CUSTOMER,cff8fe93,,John Stephenson,
8c09c9a6-4b2c-4fa2-ad24-aeee2d114104,5e6ae7cb-c2f6-597d-a77e-44fa25268838,APPROVED_DRAFT,APPROVED_CUSTOMER,2026-06-15T13:55:52Z,,,,1,A,CUSTOMER,6ac2cd68,,John Stephenson,
4a9d0460-6139-45fe-a050-991f465416e1,5e6ae7cb-c2f6-597d-a77e-44fa25268838,APPROVED_CUSTOMER,APPROVED_FINAL,2026-06-24T14:18:32Z,,,,1,A,CUSTOMER,46e68dfe,,John Stephenson,
a770c609-930d-48de-aa92-b5629f3b8a27,e6568ac8-08bc-535b-a2e9-d1bd20de0e25,REQUIREMENT_DRAFT,PLANNED,2025-12-27T13:03:31Z,2026-01-10T11:25:54Z,,,1,A,CERTIFICATION,194dec3d,,Cynthia Mason,
e66dc2c8-2d7c-45c6-8d23-42384ee2e661,e6568ac8-08bc-535b-a2e9-d1bd20de0e25,PLANNED,IN_PROGRESS,2026-01-16T14:00:48Z,2026-02-24T09:30:14Z,39,45,1,A,CERTIFICATION,932757b8,,Cynthia Mason,
62600567-2980-4681-bdba-ed39e1b66233,e6568ac8-08bc-535b-a2e9-d1bd20de0e25,IN_PROGRESS,SUBMITTED,2026-02-11T13:35:14Z,,,,1,A,CERTIFICATION,c243a418,Dean Ingram,Cynthia Mason,
596d740b-33ba-41fe-bbf7-3bcf5c6b9712,e6568ac8-08bc-535b-a2e9-d1bd20de0e25,SUBMITTED,UNDER_REVIEW,2026-03-02T17:31:32Z,,,,1,A,CERTIFICATION,ea6e319a,,Cynthia Mason,
8d74a96b-47cc-443b-8d65-0c17c1b75bf9,e6568ac8-08bc-535b-a2e9-d1bd20de0e25,UNDER_REVIEW,APPROVED_DRAFT,2026-03-26T11:23:56Z,,,,1,A,CERTIFICATION,fc478309,,Cynthia Mason,
69e1da13-e830-4944-b9ca-2e6c1a2e932e,e6568ac8-08bc-535b-a2e9-d1bd20de0e25,APPROVED_DRAFT,APPROVED_CERTIFICATION,2026-04-20T13:56:27Z,,,,1,A,CERTIFICATION,7ff342d7,,Cynthia Mason,Certificate issued -- reference number logged.
1325ba76-04ad-44d5-8e0d-2c8c478c8b83,e6568ac8-08bc-535b-a2e9-d1bd20de0e25,APPROVED_CERTIFICATION,APPROVED_FINAL,2026-05-18T12:08:12Z,,,,1,A,CERTIFICATION,b229bcc7,,Cynthia Mason,
71a03fc0-7c10-4102-8a33-022f18e8c07c,3076bd87-a37b-591e-8455-d367f348e453,REQUIREMENT_DRAFT,PLANNED,2026-03-30T17:50:47Z,2026-03-29T15:45:28Z,,,1,A,INTERNAL,0cdc1fa4,,Ashley Howell,
000675fb-ed15-4aaf-aa6c-c2bee31c3e18,3076bd87-a37b-591e-8455-d367f348e453,PLANNED,IN_PROGRESS,2026-04-09T15:36:40Z,2026-04-14T14:07:36Z,5,16,1,A,INTERNAL,a69b854b,,Ashley Howell,
78703487-4fe2-4516-8239-127012d20e0f,3076bd87-a37b-591e-8455-d367f348e453,IN_PROGRESS,SUBMITTED,2026-04-19T09:17:04Z,2026-04-17T16:35:48Z,-2,3,1,A,INTERNAL,e38c7e98,,Ashley Howell,
4382a862-9177-47f3-aa79-a639a46f3231,3076bd87-a37b-591e-8455-d367f348e453,SUBMITTED,UNDER_REVIEW,2026-04-29T09:20:59Z,2026-05-03T11:59:22Z,4,16,1,A,INTERNAL,75b1a32a,,Ashley Howell,
dfa31f5c-96a6-425f-9951-df3de4f77ac9,3076bd87-a37b-591e-8455-d367f348e453,UNDER_REVIEW,APPROVED_DRAFT,2026-05-07T10:01:41Z,,,,1,A,INTERNAL,5fcf0bbb,,Ashley Howell,
4c6642ac-ac02-46a4-bbcc-cdf3f3eabde0,3076bd87-a37b-591e-8455-d367f348e453,APPROVED_DRAFT,APPROVED_FINAL,2026-05-14T10:45:09Z,,,,1,A,INTERNAL,dee93375,,Ashley Howell,
ae2e9186-22c8-4d61-af65-7ef884e8784b,dd921935-4915-5782-a08a-0b086e7a5bac,REQUIREMENT_DRAFT,PLANNED,2025-06-14T09:00:27Z,2025-07-10T12:14:03Z,,,1,B,AUTHORITY,b71e2589,,Charles Davis,
a611f986-f4a4-42a0-9b5e-92fd5cd8df05,dd921935-4915-5782-a08a-0b086e7a5bac,PLANNED,IN_PROGRESS,2025-07-16T11:20:12Z,2025-09-09T07:18:11Z,55,61,1,B,AUTHORITY,309a7c7a,,Charles Davis,
651442b6-9bbb-407e-8d2c-f6d260fee7e1,dd921935-4915-5782-a08a-0b086e7a5bac,IN_PROGRESS,SUBMITTED,2025-08-26T15:31:37Z,2025-09-13T12:11:57Z,18,4,1,B,AUTHORITY,e930f505,Donald Chavez,Charles Davis,
94393868-be64-4a4c-88d5-1918004a37ea,dd921935-4915-5782-a08a-0b086e7a5bac,SUBMITTED,UNDER_REVIEW,2025-10-07T08:31:51Z,,,,1,B,AUTHORITY,1da047b0,,Charles Davis,
60cd8c26-2e63-4fe0-96b4-d9536a27496a,dd921935-4915-5782-a08a-0b086e7a5bac,UNDER_REVIEW,REVISION_REQUIRED,2025-11-18T09:35:11Z,,,,1,B,AUTHORITY,eeb13bec,,Charles Davis,Reviewer requested additional detail on calculations.
a3e18c04-d5c8-4330-918b-d654c5483377,dd921935-4915-5782-a08a-0b086e7a5bac,REVISION_REQUIRED,IN_PROGRESS,2025-12-29T13:25:52Z,,,,1,B,AUTHORITY,0c965ee4,,Charles Davis,
06acdd3a-0772-4408-95c1-0b14d1e36628,dd921935-4915-5782-a08a-0b086e7a5bac,IN_PROGRESS,SUBMITTED,2026-01-23T08:11:43Z,,,,1,B,AUTHORITY,2ae2b7fb,Donald Chavez,Charles Davis,
7ff16cb1-03b1-4af0-a815-a92c736a098d,dd921935-4915-5782-a08a-0b086e7a5bac,SUBMITTED,UNDER_REVIEW,2026-02-16T08:31:04Z,,,,2,B,AUTHORITY,3fd22daf,,Charles Davis,
d898e3e3-cb01-43fe-b7c4-0136e062e5a7,dd921935-4915-5782-a08a-0b086e7a5bac,UNDER_REVIEW,APPROVED_DRAFT,2026-03-16T09:29:33Z,,,,2,B,AUTHORITY,b6d94382,,Charles Davis,
d8a886ba-ef6b-484c-9136-45fc967bf140,dd921935-4915-5782-a08a-0b086e7a5bac,APPROVED_DRAFT,APPROVED_AUTHORITY,2026-04-17T11:33:55Z,,,,2,B,AUTHORITY,eeff553c,,Charles Davis,Certificate issued -- reference number logged.
06f92f0b-bc44-442d-b957-c3e5302b703f,dd921935-4915-5782-a08a-0b086e7a5bac,APPROVED_AUTHORITY,APPROVED_FINAL,2026-05-29T15:34:50Z,,,,2,B,AUTHORITY,31215834,,Charles Davis,
1a0db0f7-e652-4e58-9722-affddc61da54,5bcf4d4c-8fee-5b91-be0b-c4efaa6333e4,REQUIREMENT_DRAFT,PLANNED,2026-03-08T14:58:20Z,2026-03-07T07:17:15Z,,,1,A,INTERNAL,5d8bee07,,Joe Freeman,
41e33909-e740-453e-af06-92ee4a2903ab,5bcf4d4c-8fee-5b91-be0b-c4efaa6333e4,PLANNED,IN_PROGRESS,2026-03-15T08:25:48Z,2026-03-16T08:58:58Z,1,9,1,A,INTERNAL,c66e3559,,Joe Freeman,
c2c8010a-b015-47f2-8c26-6e4e53204eb3,5bcf4d4c-8fee-5b91-be0b-c4efaa6333e4,IN_PROGRESS,SUBMITTED,2026-03-22T17:43:45Z,2026-03-27T09:24:50Z,5,11,1,A,INTERNAL,dc531954,Katrina Shelton,Joe Freeman,
1f074e28-20d6-4d18-8759-37c92de688bd,5bcf4d4c-8fee-5b91-be0b-c4efaa6333e4,SUBMITTED,UNDER_REVIEW,2026-03-28T08:13:29Z,2026-03-28T13:44:55Z,0,1,1,A,INTERNAL,2b4562a1,,Joe Freeman,
77007c43-bc45-4c2f-82eb-ace984416e0d,5bcf4d4c-8fee-5b91-be0b-c4efaa6333e4,UNDER_REVIEW,APPROVED_DRAFT,2026-04-04T15:58:50Z,2026-04-09T11:58:40Z,5,12,1,A,INTERNAL,5f377e76,,Joe Freeman,
65ebe5eb-4340-4663-86e6-0c94e238a2f4,5bcf4d4c-8fee-5b91-be0b-c4efaa6333e4,APPROVED_DRAFT,APPROVED_FINAL,2026-04-09T07:35:13Z,,,,1,A,INTERNAL,4239f56f,,Joe Freeman,
23bdce4c-b6a1-4f9b-9bab-9ca70c244ebc,255c58a9-209b-5153-925a-243c01e77886,REQUIREMENT_DRAFT,PLANNED,2025-12-28T14:41:56Z,2026-01-03T09:36:11Z,,,1,A,CUSTOMER,0b28c14c,,Shelby Hodge,
7db95d46-39ba-4f61-aac1-689fad24bc55,255c58a9-209b-5153-925a-243c01e77886,PLANNED,IN_PROGRESS,2026-01-16T11:36:27Z,2026-01-23T08:56:42Z,7,20,1,A,CUSTOMER,2c3c09a2,,Shelby Hodge,
3880e408-fe28-476f-baae-886ccb6dcc30,255c58a9-209b-5153-925a-243c01e77886,IN_PROGRESS,SUBMITTED,2026-01-25T14:40:34Z,2026-01-24T08:43:09Z,-1,1,1,A,CUSTOMER,154935bd,Patricia Lee,Shelby Hodge,
a45e6985-cc11-42a0-b698-03e483e00e5d,255c58a9-209b-5153-925a-243c01e77886,SUBMITTED,UNDER_REVIEW,2026-02-03T10:31:18Z,2026-02-14T15:34:59Z,11,21,1,A,CUSTOMER,a6ceab3b,,Shelby Hodge,
5a6f4dc6-3a30-4d79-8c44-adc24f3dd2b4,255c58a9-209b-5153-925a-243c01e77886,UNDER_REVIEW,APPROVED_DRAFT,2026-02-11T11:35:15Z,2026-02-28T16:26:02Z,17,14,1,A,CUSTOMER,68759da8,,Shelby Hodge,
32908d6e-4c43-4c4b-a668-7133fbb48b0c,255c58a9-209b-5153-925a-243c01e77886,APPROVED_DRAFT,APPROVED_CUSTOMER,2026-02-26T14:44:12Z,,,,1,A,CUSTOMER,3fb7859c,,Shelby Hodge,
eabd6493-016a-44b3-9b73-39d03ac714e5,255c58a9-209b-5153-925a-243c01e77886,APPROVED_CUSTOMER,APPROVED_FINAL,2026-03-14T07:35:15Z,,,,1,A,CUSTOMER,8a906a5c,,Shelby Hodge,
e257abe1-7a38-4753-bb35-a194bda80737,05b62de5-1778-57f0-aac6-bee16236361b,REQUIREMENT_DRAFT,PLANNED,2025-01-01T15:18:43Z,2025-01-05T13:36:53Z,,,1,A,AUTHORITY,cd34de86,,Paul Harrington,
735537d0-5f8d-45db-9013-34bd0954fdc3,05b62de5-1778-57f0-aac6-bee16236361b,PLANNED,IN_PROGRESS,2025-01-15T08:45:29Z,2025-01-21T17:37:53Z,6,16,1,A,AUTHORITY,fefb7dab,,Paul Harrington,
6c7480c9-3d90-4ce3-84ec-c88d554aa466,05b62de5-1778-57f0-aac6-bee16236361b,IN_PROGRESS,SUBMITTED,2025-02-24T15:38:08Z,2025-04-03T10:45:00Z,38,72,1,A,AUTHORITY,fa3a09bb,Thomas Parsons,Paul Harrington,
eac70fe8-4382-4e35-9df6-0c4f065e9d40,05b62de5-1778-57f0-aac6-bee16236361b,SUBMITTED,UNDER_REVIEW,2025-03-10T15:45:44Z,2025-04-13T16:04:14Z,34,10,1,A,AUTHORITY,08436572,,Paul Harrington,
0e7109ca-26a4-4442-bbf6-56981ee8c650,05b62de5-1778-57f0-aac6-bee16236361b,UNDER_REVIEW,REVISION_REQUIRED,2025-04-19T13:34:06Z,2025-06-14T16:36:21Z,56,62,1,A,AUTHORITY,72741433,,Paul Harrington,Authority raised query on safety justification.
b8e17971-4a6d-4383-adb8-a15b54004dbc,05b62de5-1778-57f0-aac6-bee16236361b,REVISION_REQUIRED,IN_PROGRESS,2025-05-06T12:30:07Z,2025-05-25T17:08:48Z,19,-20,1,A,AUTHORITY,14e202cc,,Paul Harrington,
5988837e-9282-4c53-bb8b-42b229f25654,05b62de5-1778-57f0-aac6-bee16236361b,IN_PROGRESS,SUBMITTED,2025-06-03T07:09:52Z,2025-06-24T08:52:23Z,21,30,1,A,AUTHORITY,bc50ad27,Thomas Parsons,Paul Harrington,
392881b2-403d-4587-9338-efc2120d369e,05b62de5-1778-57f0-aac6-bee16236361b,SUBMITTED,UNDER_REVIEW,2025-07-14T08:51:38Z,2025-07-30T16:24:40Z,16,36,2,A,AUTHORITY,403762c4,,Paul Harrington,
e5041e8d-83d9-4f27-886a-ff7440c0db74,05b62de5-1778-57f0-aac6-bee16236361b,UNDER_REVIEW,APPROVED_DRAFT,2025-08-03T12:44:45Z,2025-08-29T15:54:18Z,26,30,2,A,AUTHORITY,c8d0a8b9,,Paul Harrington,
8f280423-0864-4956-975d-0015f91cd4b9,05b62de5-1778-57f0-aac6-bee16236361b,APPROVED_DRAFT,APPROVED_AUTHORITY,2025-08-30T12:33:42Z,2025-10-23T16:12:28Z,54,55,2,A,AUTHORITY,f3b919ae,,Paul Harrington,Regulatory acceptance confirmed in writing.
4e536b6e-1e17-48f0-ad08-02b4d08de132,05b62de5-1778-57f0-aac6-bee16236361b,APPROVED_AUTHORITY,APPROVED_FINAL,2025-10-10T07:58:25Z,2025-10-13T11:11:04Z,3,-10,2,A,AUTHORITY,bc009e1a,,Paul Harrington,
c4e37189-bc83-44fa-88b6-306a4afea3f9,463ba7be-e67c-5df1-be24-0f708761bbf8,REQUIREMENT_DRAFT,PLANNED,2025-04-10T10:22:53Z,2025-05-05T10:07:32Z,,,1,A,CERTIFICATION,c2fbf11e,,Michelle Parker,
93b2796d-ea03-43db-8809-c6072a370f24,463ba7be-e67c-5df1-be24-0f708761bbf8,PLANNED,IN_PROGRESS,2025-04-25T12:43:23Z,2025-05-01T11:45:11Z,6,-4,1,A,CERTIFICATION,761b5958,,Michelle Parker,
aee2bd5d-0b33-4319-85d5-943d230d177d,463ba7be-e67c-5df1-be24-0f708761bbf8,IN_PROGRESS,SUBMITTED,2025-05-11T13:10:36Z,2025-06-21T16:48:08Z,41,51,1,A,CERTIFICATION,22ad0cf2,Kathy Morales,Michelle Parker,
af7df4ad-120f-4533-a32c-244e6397f00a,463ba7be-e67c-5df1-be24-0f708761bbf8,SUBMITTED,UNDER_REVIEW,2025-05-22T13:35:50Z,2025-05-28T17:59:48Z,6,-24,1,A,CERTIFICATION,93e46ab0,,Michelle Parker,
3a7d012b-57fe-46d5-abbd-6a74bdd7531a,463ba7be-e67c-5df1-be24-0f708761bbf8,UNDER_REVIEW,APPROVED_DRAFT,2025-06-15T07:46:45Z,2025-07-29T17:13:56Z,44,62,1,A,CERTIFICATION,12f2de14,,Michelle Parker,
e26025e0-5608-4837-bd26-188e3ce74c7f,463ba7be-e67c-5df1-be24-0f708761bbf8,APPROVED_DRAFT,APPROVED_CERTIFICATION,2025-06-27T13:51:06Z,2025-08-04T07:51:21Z,38,6,1,A,CERTIFICATION,1955afce,,Michelle Parker,Certificate issued -- reference number logged.
d1fd83a0-b015-4924-b9ed-c205cddf2698,463ba7be-e67c-5df1-be24-0f708761bbf8,APPROVED_CERTIFICATION,APPROVED_FINAL,2025-07-28T10:52:16Z,2025-08-19T07:14:07Z,22,15,1,A,CERTIFICATION,5783fb68,,Michelle Parker,
925995ab-5d1f-4efb-965e-97b4b95722ef,81a507b0-6582-5084-a20b-0a564ae7b012,REQUIREMENT_DRAFT,PLANNED,2025-10-23T11:14:01Z,2025-11-27T08:49:00Z,,,1,A,CERTIFICATION,6f27f746,,Leah Hoffman,
978a9a4b-e2ec-481c-9886-098504b07e24,81a507b0-6582-5084-a20b-0a564ae7b012,PLANNED,IN_PROGRESS,2025-11-11T12:40:40Z,2025-11-06T16:08:04Z,-5,-21,1,A,CERTIFICATION,b685d7da,,Leah Hoffman,
54e1bc83-be93-483f-88d6-87c18da4807b,81a507b0-6582-5084-a20b-0a564ae7b012,IN_PROGRESS,SUBMITTED,2025-11-24T14:58:30Z,2025-12-17T13:15:20Z,23,41,1,A,CERTIFICATION,669712a7,Michael Thomas,Leah Hoffman,
e1cfae04-e7e6-4132-940e-c7d1173bb30e,81a507b0-6582-5084-a20b-0a564ae7b012,SUBMITTED,UNDER_REVIEW,2025-12-18T17:53:12Z,2026-01-23T17:57:29Z,36,37,1,A,CERTIFICATION,ad03bbca,,Leah Hoffman,
37719f1d-2396-47a6-a994-52187fc21d5f,81a507b0-6582-5084-a20b-0a564ae7b012,UNDER_REVIEW,APPROVED_DRAFT,2026-01-03T09:04:30Z,2026-01-01T17:43:03Z,-2,-22,1,A,CERTIFICATION,bca49236,,Leah Hoffman,
162aa4f4-c112-4801-8cb4-d6f9c22d43d6,81a507b0-6582-5084-a20b-0a564ae7b012,APPROVED_DRAFT,APPROVED_CERTIFICATION,2026-01-15T17:02:48Z,2026-02-23T11:52:11Z,39,53,1,A,CERTIFICATION,f8c84adf,,Leah Hoffman,Regulatory acceptance confirmed in writing.
f6cedbd1-9c0f-4696-8ecf-56e25615ddc8,81a507b0-6582-5084-a20b-0a564ae7b012,APPROVED_CERTIFICATION,APPROVED_FINAL,2026-01-29T12:36:14Z,2026-02-09T08:16:33Z,11,-14,1,A,CERTIFICATION,c16122b8,,Leah Hoffman,
cae7ac83-9511-42af-a6b4-57c5914a286c,75344f24-62d2-52ce-925b-adc609306e11,REQUIREMENT_DRAFT,PLANNED,2025-10-30T07:04:47Z,2025-11-27T16:10:17Z,,,1,A,CERTIFICATION,7b1276be,,Denise Martin,
8128420a-9041-4a1b-a085-a5dfe26a373f,75344f24-62d2-52ce-925b-adc609306e11,PLANNED,IN_PROGRESS,2025-11-15T17:28:50Z,2025-11-15T16:59:04Z,0,-12,1,A,CERTIFICATION,c9778504,,Denise Martin,
c0dfb1ce-8894-4a95-8309-16a01d71da28,75344f24-62d2-52ce-925b-adc609306e11,IN_PROGRESS,SUBMITTED,2025-12-16T11:39:17Z,,,,1,A,CERTIFICATION,0634270d,Amy Johnson,Denise Martin,
2bc2ae3a-2425-45ce-94df-7537fd16f85a,75344f24-62d2-52ce-925b-adc609306e11,SUBMITTED,UNDER_REVIEW,2026-01-07T09:01:11Z,,,,1,A,CERTIFICATION,38a1463a,,Denise Martin,
1f638d20-15a4-4cf3-9f5b-74dcd5f85e26,75344f24-62d2-52ce-925b-adc609306e11,UNDER_REVIEW,REVISION_REQUIRED,2026-02-04T17:45:33Z,,,,1,A,CERTIFICATION,fe25aaa0,,Denise Martin,Mark-up returned -- title block correction required.
1182fa87-e025-4332-9c45-727103fe5218,75344f24-62d2-52ce-925b-adc609306e11,REVISION_REQUIRED,IN_PROGRESS,2026-02-21T14:49:37Z,,,,1,A,CERTIFICATION,c8dbe12d,,Denise Martin,
31a30176-9aed-464f-a275-d6cf227fc44b,75344f24-62d2-52ce-925b-adc609306e11,IN_PROGRESS,SUBMITTED,2026-03-13T09:48:28Z,,,,1,A,CERTIFICATION,d14bbd17,Amy Johnson,Denise Martin,
cd233070-67ba-4485-becf-3f5447caa93d,75344f24-62d2-52ce-925b-adc609306e11,SUBMITTED,UNDER_REVIEW,2026-03-27T10:28:15Z,,,,2,A,CERTIFICATION,6ec486b6,,Denise Martin,
3efcec19-74fc-457b-af7e-2430790ea9c0,75344f24-62d2-52ce-925b-adc609306e11,UNDER_REVIEW,APPROVED_DRAFT,2026-04-27T11:02:37Z,,,,2,A,CERTIFICATION,c0f8564e,,Denise Martin,
24443244-754a-4c67-b018-54a9eaaf6ad1,75344f24-62d2-52ce-925b-adc609306e11,APPROVED_DRAFT,APPROVED_CERTIFICATION,2026-05-09T11:11:52Z,,,,2,A,CERTIFICATION,c212ef65,,Denise Martin,Regulatory acceptance confirmed in writing.
7be8151b-0337-429a-9839-d5add833adf7,75344f24-62d2-52ce-925b-adc609306e11,APPROVED_CERTIFICATION,APPROVED_FINAL,2026-05-27T07:55:16Z,,,,2,A,CERTIFICATION,7d3a3e63,,Denise Martin,
274dffb0-08cd-4d26-9b18-b0c4a57e40c1,cd2f1aaa-9f90-5ab5-99dc-1d0d82aa08ce,REQUIREMENT_DRAFT,PLANNED,2026-01-27T16:12:05Z,2026-01-26T12:28:51Z,,,1,A,CUSTOMER,14f30572,,Angela Chavez,
1f948dec-809d-4051-8cbd-38bfeaeb3b93,cd2f1aaa-9f90-5ab5-99dc-1d0d82aa08ce,PLANNED,IN_PROGRESS,2026-02-14T13:30:13Z,2026-02-26T07:42:53Z,12,31,1,A,CUSTOMER,b475bb02,,Angela Chavez,
e04b5347-c5f3-40fb-b148-0b564d06ea35,cd2f1aaa-9f90-5ab5-99dc-1d0d82aa08ce,IN_PROGRESS,SUBMITTED,2026-03-06T14:48:08Z,,,,1,A,CUSTOMER,1319e823,Amy Black,Angela Chavez,
43c2bc10-1442-43ce-af70-b964ebf73ef9,cd2f1aaa-9f90-5ab5-99dc-1d0d82aa08ce,SUBMITTED,UNDER_REVIEW,2026-03-25T10:15:40Z,,,,1,A,CUSTOMER,0b9dabda,,Angela Chavez,
3db61f3c-2267-4fba-86db-d401282b1c80,cd2f1aaa-9f90-5ab5-99dc-1d0d82aa08ce,UNDER_REVIEW,APPROVED_DRAFT,2026-04-13T12:34:37Z,,,,1,A,CUSTOMER,cd08c2e3,,Angela Chavez,
c407cbc0-8de0-4d7c-9dc4-c21e13a003d0,cd2f1aaa-9f90-5ab5-99dc-1d0d82aa08ce,APPROVED_DRAFT,APPROVED_CUSTOMER,2026-04-26T09:15:27Z,,,,1,A,CUSTOMER,3ba7e27a,,Angela Chavez,
a5950152-943b-4929-8d18-fad479c7d048,cd2f1aaa-9f90-5ab5-99dc-1d0d82aa08ce,APPROVED_CUSTOMER,APPROVED_FINAL,2026-05-15T14:34:12Z,,,,1,A,CUSTOMER,d995a6a8,,Angela Chavez,
b8217e1d-5fcc-49d6-b814-e59bcb68cbe0,af350446-8927-507a-8954-e4ca557a07a5,REQUIREMENT_DRAFT,PLANNED,2026-01-05T11:53:26Z,2026-01-05T08:37:56Z,,,1,A,CERTIFICATION,35bfd745,,Charlene Hall,
e877a676-56c0-45e4-b1ab-67410a326fde,af350446-8927-507a-8954-e4ca557a07a5,PLANNED,IN_PROGRESS,2026-01-17T17:20:32Z,2026-02-20T17:54:46Z,34,46,1,A,CERTIFICATION,0e9cf036,,Charlene Hall,
ad9f3126-7892-4ee7-a555-85a200f58403,af350446-8927-507a-8954-e4ca557a07a5,IN_PROGRESS,SUBMITTED,2026-02-16T07:22:40Z,2026-03-20T15:41:28Z,32,28,1,A,CERTIFICATION,25b74a24,Michael Sutton,Charlene Hall,
cc09ecda-ce13-4718-bd74-a4945f76c771,af350446-8927-507a-8954-e4ca557a07a5,SUBMITTED,UNDER_REVIEW,2026-03-05T12:54:45Z,2026-03-11T11:18:04Z,6,-9,1,A,CERTIFICATION,6e56f97d,,Charlene Hall,
c4a9d74c-08ed-4ed4-b653-f0dfa8cc508b,af350446-8927-507a-8954-e4ca557a07a5,UNDER_REVIEW,REVISION_REQUIRED,2026-03-24T13:01:43Z,2026-04-25T15:13:08Z,32,45,1,A,CERTIFICATION,95acb022,,Charlene Hall,Mark-up returned -- title block correction required.
ced909d8-7fc6-4b6f-89fa-74fc2d580572,af350446-8927-507a-8954-e4ca557a07a5,REVISION_REQUIRED,IN_PROGRESS,2026-04-21T16:23:04Z,,,,1,A,CERTIFICATION,445d5372,,Charlene Hall,
e7b58dcd-9c8d-4466-b014-815cf9bf2253,af350446-8927-507a-8954-e4ca557a07a5,IN_PROGRESS,SUBMITTED,2026-05-05T07:01:55Z,,,,1,A,CERTIFICATION,81901711,Michael Sutton,Charlene Hall,
9ef5c7dd-1549-40f5-8455-5031aa2df96c,af350446-8927-507a-8954-e4ca557a07a5,SUBMITTED,UNDER_REVIEW,2026-06-05T15:46:24Z,,,,2,A,CERTIFICATION,dd2844ef,,Charlene Hall,
b7ecbebe-71a9-46d7-8c42-fe0f796f60b2,af350446-8927-507a-8954-e4ca557a07a5,UNDER_REVIEW,APPROVED_DRAFT,2026-06-18T07:57:50Z,,,,2,A,CERTIFICATION,37eafefc,,Charlene Hall,
c10cb831-7f64-4a3a-8e82-3de230310ac6,af350446-8927-507a-8954-e4ca557a07a5,APPROVED_DRAFT,APPROVED_CERTIFICATION,2026-07-04T07:34:38Z,,,,2,A,CERTIFICATION,cf2fbe6f,,Charlene Hall,Certificate issued -- reference number logged.
0d734aab-8f48-434e-a730-ee45fd133038,af350446-8927-507a-8954-e4ca557a07a5,APPROVED_CERTIFICATION,APPROVED_FINAL,2026-08-04T09:00:41Z,,,,2,A,CERTIFICATION,df1607af,,Charlene Hall,
f7b33a64-6985-4351-896e-6028a48b388a,d18fd8e2-a720-511c-8ae6-48c712201961,REQUIREMENT_DRAFT,PLANNED,2025-04-06T15:51:11Z,2025-04-11T10:43:36Z,,,1,A,AUTHORITY,226f8309,,Jeffrey Monroe,
2d1cfbd5-9e38-4ce2-abf7-85dcad4b6f66,d18fd8e2-a720-511c-8ae6-48c712201961,PLANNED,IN_PROGRESS,2025-05-13T15:39:20Z,2025-06-02T16:38:28Z,20,52,1,A,AUTHORITY,66b5ae7b,,Jeffrey Monroe,
c36f7a50-bab7-4ef4-8abd-677957aa7fb7,d18fd8e2-a720-511c-8ae6-48c712201961,IN_PROGRESS,SUBMITTED,2025-06-16T14:57:50Z,2025-06-25T12:56:33Z,9,23,1,A,AUTHORITY,09154af7,Joseph Lewis,Jeffrey Monroe,
ee49baf6-3930-40ae-a769-342a99eb5e14,d18fd8e2-a720-511c-8ae6-48c712201961,SUBMITTED,UNDER_REVIEW,2025-07-15T07:46:30Z,2025-09-04T10:29:25Z,51,71,1,A,AUTHORITY,ccff71ce,,Jeffrey Monroe,
6d1b0652-5a33-4593-9c44-dd7f36a64035,d18fd8e2-a720-511c-8ae6-48c712201961,UNDER_REVIEW,REVISION_REQUIRED,2025-08-11T08:02:44Z,2025-09-12T15:03:02Z,32,8,1,A,AUTHORITY,086b07dd,,Jeffrey Monroe,Certification body requested updated material certificates.
f124a223-383d-451c-910c-149abbeac763,d18fd8e2-a720-511c-8ae6-48c712201961,REVISION_REQUIRED,IN_PROGRESS,2025-09-21T10:43:47Z,2025-11-01T13:19:02Z,41,50,1,A,AUTHORITY,05c125ad,,Jeffrey Monroe,
0889dc44-b3cd-4368-839e-cd93268c3f24,d18fd8e2-a720-511c-8ae6-48c712201961,IN_PROGRESS,SUBMITTED,2025-10-05T15:36:52Z,2025-11-30T08:55:16Z,56,29,1,A,AUTHORITY,4771bd49,Joseph Lewis,Jeffrey Monroe,
6672f7ac-f436-44e6-889f-bb6f0b10b8b8,d18fd8e2-a720-511c-8ae6-48c712201961,SUBMITTED,UNDER_REVIEW,2025-10-19T10:56:51Z,2025-10-31T09:56:10Z,12,-30,2,A,AUTHORITY,a5158a84,,Jeffrey Monroe,
645c1f4d-04d3-456e-be3f-a4daca09aac9,d18fd8e2-a720-511c-8ae6-48c712201961,UNDER_REVIEW,APPROVED_DRAFT,2025-11-14T12:13:54Z,2026-01-04T12:24:24Z,51,65,2,A,AUTHORITY,5d394415,,Jeffrey Monroe,
1c0dec35-9307-4234-8e2e-47ae99917c2d,d18fd8e2-a720-511c-8ae6-48c712201961,APPROVED_DRAFT,APPROVED_AUTHORITY,2025-12-07T15:18:40Z,2026-01-03T11:23:15Z,27,-1,2,A,AUTHORITY,14d4ab6f,,Jeffrey Monroe,Certificate issued -- reference number logged.
eaaab091-52b7-4c7b-a9fe-205ccb7b85df,d18fd8e2-a720-511c-8ae6-48c712201961,APPROVED_AUTHORITY,APPROVED_FINAL,2026-01-13T15:20:56Z,2026-03-07T11:01:28Z,53,63,2,A,AUTHORITY,9388ccfd,,Jeffrey Monroe,
860a1a58-86ba-429a-a3c8-4ef06e870425,0e881b51-e477-596f-bd29-ef126aeed79e,REQUIREMENT_DRAFT,PLANNED,2025-08-04T16:25:26Z,2025-09-20T14:27:24Z,,,1,B,AUTHORITY,39162e68,,Samantha Garner,
1411fc45-e869-4cc6-b586-f961ba151113,0e881b51-e477-596f-bd29-ef126aeed79e,PLANNED,IN_PROGRESS,2025-08-30T14:17:23Z,2025-09-25T09:32:57Z,26,5,1,B,AUTHORITY,5db475ac,,Samantha Garner,
c41220e9-8f05-4a3e-9f3d-c7bca22749dd,0e881b51-e477-596f-bd29-ef126aeed79e,IN_PROGRESS,SUBMITTED,2025-09-25T14:30:15Z,2025-10-22T09:45:58Z,27,27,1,B,AUTHORITY,9d368af1,Seth Pacheco,Samantha Garner,
1c0a562e-d001-4722-a3ce-1fb2375debfb,0e881b51-e477-596f-bd29-ef126aeed79e,SUBMITTED,UNDER_REVIEW,2025-10-31T07:39:49Z,2025-12-17T13:08:11Z,47,56,1,B,AUTHORITY,a03641ec,,Samantha Garner,
699b6d2d-ab8a-47dc-99a9-ca35385c84d0,0e881b51-e477-596f-bd29-ef126aeed79e,UNDER_REVIEW,REVISION_REQUIRED,2025-11-24T16:32:07Z,2025-12-22T16:12:41Z,28,5,1,B,AUTHORITY,69f2cf0c,,Samantha Garner,Mark-up returned -- title block correction required.
3c97a691-b7cf-4680-ae9c-8053e2be2c2b,0e881b51-e477-596f-bd29-ef126aeed79e,REVISION_REQUIRED,IN_PROGRESS,2025-12-28T15:36:19Z,2026-02-08T17:19:27Z,42,48,1,B,AUTHORITY,a81e22a1,,Samantha Garner,
2ebdf074-3801-457b-ac6f-72cf019abea6,0e881b51-e477-596f-bd29-ef126aeed79e,IN_PROGRESS,SUBMITTED,2026-01-16T16:03:55Z,2026-01-17T07:58:00Z,1,-22,1,B,AUTHORITY,9a028995,Seth Pacheco,Samantha Garner,
3422fbc5-ca1e-4bf1-aead-2ce72b36086b,0e881b51-e477-596f-bd29-ef126aeed79e,SUBMITTED,UNDER_REVIEW,2026-02-26T17:20:36Z,2026-03-13T16:12:53Z,15,55,2,B,AUTHORITY,79cde9a9,,Samantha Garner,
b70c2968-0da1-43fe-aff6-f42f878dd7cc,0e881b51-e477-596f-bd29-ef126aeed79e,UNDER_REVIEW,APPROVED_DRAFT,2026-03-14T14:55:49Z,2026-03-17T13:13:38Z,3,4,2,B,AUTHORITY,310fc18d,,Samantha Garner,
3827b699-db21-43c1-8193-52e6f009cc9a,0e881b51-e477-596f-bd29-ef126aeed79e,APPROVED_DRAFT,APPROVED_AUTHORITY,2026-04-21T10:21:27Z,,,,2,B,AUTHORITY,bcdfe8bc,,Samantha Garner,Certificate issued -- reference number logged.
1c6f687d-33fc-45b4-a68f-b2ec4aa8f450,0e881b51-e477-596f-bd29-ef126aeed79e,APPROVED_AUTHORITY,APPROVED_FINAL,2026-05-28T08:55:33Z,,,,2,B,AUTHORITY,f798795f,,Samantha Garner,
d4abfb56-9b22-47fb-bfa9-06e33658b8cd,7502e0e4-e4d6-5b85-9581-a1d69b8393be,REQUIREMENT_DRAFT,PLANNED,2025-07-16T16:09:35Z,2025-09-09T13:39:49Z,,,1,B,AUTHORITY,a424cca6,,Jessica Diaz,
34bc9b10-3ea1-40dc-980f-727263113e96,7502e0e4-e4d6-5b85-9581-a1d69b8393be,PLANNED,IN_PROGRESS,2025-08-20T08:12:33Z,2025-10-04T15:38:38Z,45,25,1,B,AUTHORITY,026fdb30,,Jessica Diaz,
ea31b74b-767a-40b5-9445-5fcaa42f8946,7502e0e4-e4d6-5b85-9581-a1d69b8393be,IN_PROGRESS,SUBMITTED,2025-09-06T15:31:15Z,2025-10-25T11:37:42Z,49,21,1,B,AUTHORITY,65cad5ab,Katelyn Fischer,Jessica Diaz,
112a93b3-7eaa-499f-9ac2-d622f1a0cf26,7502e0e4-e4d6-5b85-9581-a1d69b8393be,SUBMITTED,UNDER_REVIEW,2025-10-10T07:29:29Z,2025-11-13T14:03:13Z,34,19,1,B,AUTHORITY,86781693,,Jessica Diaz,
836bb55c-71d2-4950-b4ab-789fd4e82c8f,7502e0e4-e4d6-5b85-9581-a1d69b8393be,UNDER_REVIEW,REVISION_REQUIRED,2025-11-06T12:47:02Z,2025-12-20T13:35:11Z,44,37,1,B,AUTHORITY,49ed1be2,,Jessica Diaz,Certification body requested updated material certificates.
07130742-c611-4598-8b70-201870805a6a,7502e0e4-e4d6-5b85-9581-a1d69b8393be,REVISION_REQUIRED,IN_PROGRESS,2025-12-17T16:40:15Z,2026-02-05T15:21:49Z,50,47,1,B,AUTHORITY,90fbb9a3,,Jessica Diaz,
efb9e436-231c-4890-b999-dc14b34a7faf,7502e0e4-e4d6-5b85-9581-a1d69b8393be,IN_PROGRESS,SUBMITTED,2026-01-04T17:31:44Z,2026-02-17T16:32:18Z,44,12,1,B,AUTHORITY,6d18a724,Katelyn Fischer,Jessica Diaz,
c91b90e0-db99-4e53-84e4-896f7193b431,7502e0e4-e4d6-5b85-9581-a1d69b8393be,SUBMITTED,UNDER_REVIEW,2026-02-06T10:11:07Z,2026-03-17T09:06:06Z,39,28,2,B,AUTHORITY,5d5c9f81,,Jessica Diaz,
4f8b754f-cc32-46aa-958e-2c18fbd96caa,7502e0e4-e4d6-5b85-9581-a1d69b8393be,UNDER_REVIEW,APPROVED_DRAFT,2026-03-16T10:00:21Z,2026-04-16T16:25:36Z,31,30,2,B,AUTHORITY,9e01056a,,Jessica Diaz,
c34b30c2-16ab-4491-a0ce-90843ba20d50,7502e0e4-e4d6-5b85-9581-a1d69b8393be,APPROVED_DRAFT,APPROVED_AUTHORITY,2026-04-11T09:20:55Z,,,,2,B,AUTHORITY,27d2f24f,,Jessica Diaz,Regulatory acceptance confirmed in writing.
fa64602a-796d-455b-b2ba-fc9e77a46c83,7502e0e4-e4d6-5b85-9581-a1d69b8393be,APPROVED_AUTHORITY,APPROVED_FINAL,2026-05-18T08:04:39Z,,,,2,B,AUTHORITY,8a27b46a,,Jessica Diaz,
f4273d01-56ae-49a9-b689-c650fe310437,00ea9cb9-d1cb-5d73-89b9-da4a0e4d6fcc,REQUIREMENT_DRAFT,PLANNED,2025-12-02T07:18:00Z,2025-12-20T15:29:59Z,,,1,B,CUSTOMER,d953d9e0,,Kristen Goodman,
a996e707-792b-41cf-a8d7-4054478980df,00ea9cb9-d1cb-5d73-89b9-da4a0e4d6fcc,PLANNED,IN_PROGRESS,2025-12-17T08:17:45Z,2025-12-22T11:09:28Z,5,2,1,B,CUSTOMER,ef98d546,,Kristen Goodman,
b2c024fb-8f54-4a4c-807e-98f7d12bc9fc,00ea9cb9-d1cb-5d73-89b9-da4a0e4d6fcc,IN_PROGRESS,SUBMITTED,2026-01-05T12:01:34Z,2026-01-14T07:24:52Z,9,23,1,B,CUSTOMER,b257c0de,Rebecca Duke,Kristen Goodman,
b1c91959-bc5c-4e4c-a850-ca502bd156cf,00ea9cb9-d1cb-5d73-89b9-da4a0e4d6fcc,SUBMITTED,UNDER_REVIEW,2026-01-16T09:49:02Z,2026-01-21T17:50:56Z,5,7,1,B,CUSTOMER,c03ee430,,Kristen Goodman,
007cbd69-b0db-4a48-aeb8-8655b53b7111,00ea9cb9-d1cb-5d73-89b9-da4a0e4d6fcc,UNDER_REVIEW,APPROVED_DRAFT,2026-01-28T16:02:12Z,2026-01-27T11:46:21Z,-1,6,1,B,CUSTOMER,9258d145,,Kristen Goodman,
af3297b3-80f8-40b9-bb7d-821354254bad,00ea9cb9-d1cb-5d73-89b9-da4a0e4d6fcc,APPROVED_DRAFT,APPROVED_CUSTOMER,2026-02-14T10:05:19Z,2026-02-16T12:07:17Z,2,20,1,B,CUSTOMER,2c3ccfc9,,Kristen Goodman,
14f9765c-b7bf-4f87-9288-6b084ef7f302,00ea9cb9-d1cb-5d73-89b9-da4a0e4d6fcc,APPROVED_CUSTOMER,APPROVED_FINAL,2026-02-23T09:04:39Z,2026-03-01T17:32:32Z,6,13,1,B,CUSTOMER,72a1f97b,,Kristen Goodman,
ebdb2567-a78c-40f6-8513-6bbad0e2c354,6e9d78dc-639e-56b2-b4a9-a596836a6ed1,REQUIREMENT_DRAFT,PLANNED,2025-08-09T07:26:46Z,2025-08-19T15:10:37Z,,,1,B,CERTIFICATION,d9e450c1,,Joe Jacobs,
71684094-703e-4f13-859c-bddca5d8b497,6e9d78dc-639e-56b2-b4a9-a596836a6ed1,PLANNED,IN_PROGRESS,2025-08-25T07:20:11Z,2025-09-18T07:17:02Z,24,30,1,B,CERTIFICATION,56ed7869,,Joe Jacobs,
a175d871-f1f5-4929-83c1-1e5fd780d16a,6e9d78dc-639e-56b2-b4a9-a596836a6ed1,IN_PROGRESS,SUBMITTED,2025-09-10T13:52:33Z,2025-09-28T14:00:22Z,18,10,1,B,CERTIFICATION,9761fe52,Dale Mills,Joe Jacobs,
78a5ca41-0d97-472b-82e7-e867dfcd5f1a,6e9d78dc-639e-56b2-b4a9-a596836a6ed1,SUBMITTED,UNDER_REVIEW,2025-10-10T15:55:21Z,2025-11-04T13:51:42Z,25,37,1,B,CERTIFICATION,779f3776,,Joe Jacobs,
7323ba6b-4d90-4edf-b458-92164ed47386,6e9d78dc-639e-56b2-b4a9-a596836a6ed1,UNDER_REVIEW,REVISION_REQUIRED,2025-11-08T17:46:57Z,2025-12-19T14:33:23Z,41,45,1,B,CERTIFICATION,b00bb96d,,Joe Jacobs,Authority raised query on safety justification.
58447384-e012-4a97-aec0-eaf8050eedca,6e9d78dc-639e-56b2-b4a9-a596836a6ed1,REVISION_REQUIRED,IN_PROGRESS,2025-12-04T13:56:09Z,2026-01-16T17:53:28Z,43,28,1,B,CERTIFICATION,f6668b4d,,Joe Jacobs,
f35c8208-7d44-4ef3-b44d-ce4d12e709c6,6e9d78dc-639e-56b2-b4a9-a596836a6ed1,IN_PROGRESS,SUBMITTED,2025-12-28T08:05:38Z,2026-02-07T07:02:51Z,41,22,1,B,CERTIFICATION,44797e32,Dale Mills,Joe Jacobs,
219ccb0a-187e-4ed7-9200-5babe62a5323,6e9d78dc-639e-56b2-b4a9-a596836a6ed1,SUBMITTED,UNDER_REVIEW,2026-01-16T14:28:09Z,2026-02-07T11:45:45Z,22,0,2,B,CERTIFICATION,90328bc0,,Joe Jacobs,
1a15f796-8969-488c-b7ff-883113f3a3a0,6e9d78dc-639e-56b2-b4a9-a596836a6ed1,UNDER_REVIEW,APPROVED_DRAFT,2026-01-30T16:23:43Z,2026-02-01T07:04:14Z,2,-6,2,B,CERTIFICATION,0ef7545d,,Joe Jacobs,
cea88fa9-dcc8-4163-a891-66e72abce42d,6e9d78dc-639e-56b2-b4a9-a596836a6ed1,APPROVED_DRAFT,APPROVED_CERTIFICATION,2026-02-27T10:14:02Z,,,,2,B,CERTIFICATION,e0a0f84e,,Joe Jacobs,Regulatory acceptance confirmed in writing.
36527032-aad8-451d-ae8e-310fa4200f5a,6e9d78dc-639e-56b2-b4a9-a596836a6ed1,APPROVED_CERTIFICATION,APPROVED_FINAL,2026-03-26T15:51:53Z,,,,2,B,CERTIFICATION,24cba4a9,,Joe Jacobs,
a05b8378-7f0c-4466-b1ab-645850766605,d503ef7a-aee1-5d41-823a-513d05f41d08,REQUIREMENT_DRAFT,PLANNED,2026-03-14T15:40:25Z,2026-04-05T10:33:31Z,,,1,A,CERTIFICATION,14314681,,Benjamin Curtis,
72195229-6528-492b-a216-43f624d21e35,d503ef7a-aee1-5d41-823a-513d05f41d08,PLANNED,IN_PROGRESS,2026-04-05T08:10:42Z,2026-04-19T14:27:22Z,14,14,1,A,CERTIFICATION,40cbcec0,,Benjamin Curtis,
b818e247-377b-4e15-8e21-4d8e546a49fd,d503ef7a-aee1-5d41-823a-513d05f41d08,IN_PROGRESS,SUBMITTED,2026-04-30T07:16:55Z,,,,1,A,CERTIFICATION,08d455fa,David Lee,Benjamin Curtis,
ec27a0de-e67d-4764-b554-5ff4c6be8d6a,d503ef7a-aee1-5d41-823a-513d05f41d08,SUBMITTED,UNDER_REVIEW,2026-05-22T10:50:41Z,,,,1,A,CERTIFICATION,0eeef20f,,Benjamin Curtis,
a5c67586-a561-470a-9183-c29fb934c98b,d503ef7a-aee1-5d41-823a-513d05f41d08,UNDER_REVIEW,APPROVED_DRAFT,2026-06-16T11:46:30Z,,,,1,A,CERTIFICATION,e356354f,,Benjamin Curtis,
0c859217-0cce-47a5-8c64-ec36bd01635b,d503ef7a-aee1-5d41-823a-513d05f41d08,APPROVED_DRAFT,APPROVED_CERTIFICATION,2026-07-03T10:54:45Z,,,,1,A,CERTIFICATION,4bea6a6f,,Benjamin Curtis,Regulatory acceptance confirmed in writing.
19faee38-c5cb-4554-9edd-4f1dc0ecc2ef,d503ef7a-aee1-5d41-823a-513d05f41d08,APPROVED_CERTIFICATION,APPROVED_FINAL,2026-07-23T13:45:01Z,,,,1,A,CERTIFICATION,f2994921,,Benjamin Curtis,
ffc6efe8-c70e-401a-aec1-ca457132139e,e789e144-a280-5bc5-9851-8e76833c09bc,REQUIREMENT_DRAFT,PLANNED,2026-03-03T14:01:25Z,2026-03-07T07:28:47Z,,,1,A,INTERNAL,4ff7dcaf,,Sara Fowler,
787c6adc-0211-4dd7-8d89-1ff446bf4bcb,e789e144-a280-5bc5-9851-8e76833c09bc,PLANNED,IN_PROGRESS,2026-03-07T14:01:44Z,2026-03-10T09:33:21Z,3,3,1,A,INTERNAL,ddbd021c,,Sara Fowler,
698234c0-f4ef-4c66-9199-b81f3160947f,e789e144-a280-5bc5-9851-8e76833c09bc,IN_PROGRESS,SUBMITTED,2026-03-11T16:03:50Z,2026-03-13T12:36:57Z,2,3,1,A,INTERNAL,981d4eb3,,Sara Fowler,
61fc1ad5-5552-430d-86f1-6f54d55d821e,e789e144-a280-5bc5-9851-8e76833c09bc,SUBMITTED,UNDER_REVIEW,2026-03-15T10:03:13Z,,,,1,A,INTERNAL,c5bbe1eb,,Sara Fowler,
d1b34b8a-a1a8-4f39-99df-e59377e09e33,e789e144-a280-5bc5-9851-8e76833c09bc,UNDER_REVIEW,APPROVED_DRAFT,2026-03-20T13:25:13Z,,,,1,A,INTERNAL,f7ea5c98,,Sara Fowler,
26334ed0-0d79-468a-8bc2-5f9548c77a91,e789e144-a280-5bc5-9851-8e76833c09bc,APPROVED_DRAFT,APPROVED_FINAL,2026-03-29T10:59:36Z,,,,1,A,INTERNAL,30433b9f,,Sara Fowler,
8428be07-03c3-42d8-b565-b2c43432aa2c,514bcf73-0190-59ba-9211-ebab586dcd29,REQUIREMENT_DRAFT,PLANNED,2026-01-24T14:33:29Z,2026-01-24T17:46:04Z,,,1,C,CUSTOMER,3daa7494,,Jade Moran,
ae59377d-f381-4f06-9406-82ae57b50723,514bcf73-0190-59ba-9211-ebab586dcd29,PLANNED,IN_PROGRESS,2026-02-02T08:36:03Z,2026-02-01T11:52:53Z,-1,8,1,C,CUSTOMER,931498d5,,Jade Moran,
c85e9402-2742-4c93-8a53-210237ec9b82,514bcf73-0190-59ba-9211-ebab586dcd29,IN_PROGRESS,SUBMITTED,2026-02-09T10:16:21Z,2026-02-22T16:05:33Z,13,21,1,C,CUSTOMER,98967b92,Regina Harris,Jade Moran,
f4c85719-785c-4127-9b1a-e8688a61bf6e,514bcf73-0190-59ba-9211-ebab586dcd29,SUBMITTED,UNDER_REVIEW,2026-03-01T17:37:35Z,2026-03-01T16:52:57Z,0,7,1,C,CUSTOMER,15967149,,Jade Moran,
2232178c-edfb-4c38-a7f1-148b65b5a4b8,514bcf73-0190-59ba-9211-ebab586dcd29,UNDER_REVIEW,REVISION_REQUIRED,2026-03-12T07:20:20Z,2026-04-02T13:03:23Z,21,32,1,C,CUSTOMER,71109eea,,Jade Moran,Reviewer requested additional detail on calculations.
bde1739a-7fdc-41cb-a1fb-31f2a26cbbc0,514bcf73-0190-59ba-9211-ebab586dcd29,REVISION_REQUIRED,IN_PROGRESS,2026-03-30T14:30:40Z,2026-04-17T13:22:18Z,18,15,1,C,CUSTOMER,672e555b,,Jade Moran,
78a1284f-477a-408d-b6a6-73c0e6355147,514bcf73-0190-59ba-9211-ebab586dcd29,IN_PROGRESS,SUBMITTED,2026-04-09T16:50:16Z,2026-04-18T08:09:39Z,9,1,1,C,CUSTOMER,5b30f8b3,Regina Harris,Jade Moran,
9307b2a6-03fa-4eea-b164-5ab26e7de173,514bcf73-0190-59ba-9211-ebab586dcd29,SUBMITTED,UNDER_REVIEW,2026-04-17T17:36:17Z,2026-04-21T15:25:17Z,4,3,2,C,CUSTOMER,b4a6c923,,Jade Moran,
96e754bd-b6b5-41c1-8412-de9e253329b9,514bcf73-0190-59ba-9211-ebab586dcd29,UNDER_REVIEW,APPROVED_DRAFT,2026-04-25T12:31:49Z,2026-04-24T08:06:28Z,-1,3,2,C,CUSTOMER,125a96b4,,Jade Moran,
27e0c656-787e-4e3f-be64-59243047687a,514bcf73-0190-59ba-9211-ebab586dcd29,APPROVED_DRAFT,APPROVED_CUSTOMER,2026-05-04T16:11:44Z,,,,2,C,CUSTOMER,c1f70d2a,,Jade Moran,
bde080a3-dd28-4e89-bb08-35d2e15d5c6c,514bcf73-0190-59ba-9211-ebab586dcd29,APPROVED_CUSTOMER,APPROVED_FINAL,2026-05-18T09:28:42Z,,,,2,C,CUSTOMER,b0da0eea,,Jade Moran,
89e40d92-5464-45bd-ba63-8747f693571d,66c3b9a7-842d-5e2d-9d2b-97a5cfe8e660,REQUIREMENT_DRAFT,PLANNED,2026-01-13T16:08:09Z,2026-01-23T14:03:38Z,,,1,A,CUSTOMER,aadeeb17,,Leslie Howard,
9115a60f-cf37-44cb-956b-278ad7a5bb3c,66c3b9a7-842d-5e2d-9d2b-97a5cfe8e660,PLANNED,IN_PROGRESS,2026-02-01T11:50:12Z,2026-02-22T14:17:42Z,21,30,1,A,CUSTOMER,3f009a3f,,Leslie Howard,
8333c0eb-8275-42de-bfc9-c0e6a2f1a33b,66c3b9a7-842d-5e2d-9d2b-97a5cfe8e660,IN_PROGRESS,SUBMITTED,2026-02-16T15:04:13Z,2026-02-24T13:59:40Z,8,2,1,A,CUSTOMER,d27a2135,Christine Williamson,Leslie Howard,
5b4ced56-6fdc-4b9e-8968-14ca2508dbb8,66c3b9a7-842d-5e2d-9d2b-97a5cfe8e660,SUBMITTED,UNDER_REVIEW,2026-03-06T16:35:52Z,2026-03-19T08:37:35Z,13,23,1,A,CUSTOMER,22223f9e,,Leslie Howard,
a7520927-2771-47f2-b5bc-fdfd8ece5eb1,66c3b9a7-842d-5e2d-9d2b-97a5cfe8e660,UNDER_REVIEW,REVISION_REQUIRED,2026-03-18T10:22:25Z,2026-04-07T09:50:45Z,20,19,1,A,CUSTOMER,2626cc8b,,Leslie Howard,Client comments received -- scope clarification needed.
28e5660e-b3f5-44a9-be60-56f30473363e,66c3b9a7-842d-5e2d-9d2b-97a5cfe8e660,REVISION_REQUIRED,IN_PROGRESS,2026-04-07T09:03:46Z,2026-04-27T12:08:20Z,20,20,1,A,CUSTOMER,7ab0af5c,,Leslie Howard,
4810e15c-1d1b-44f4-8fc0-692fa835e11f,66c3b9a7-842d-5e2d-9d2b-97a5cfe8e660,IN_PROGRESS,SUBMITTED,2026-04-22T11:18:54Z,2026-05-02T09:39:29Z,10,5,1,A,CUSTOMER,7e13e2be,Christine Williamson,Leslie Howard,
21cdd224-8bdc-471f-b7e3-7029877fb5c9,66c3b9a7-842d-5e2d-9d2b-97a5cfe8e660,SUBMITTED,UNDER_REVIEW,2026-04-30T15:17:55Z,2026-05-10T13:54:21Z,10,8,2,A,CUSTOMER,123862b2,,Leslie Howard,
8e72ff1f-c444-46e2-9806-b7d0bb6651fb,66c3b9a7-842d-5e2d-9d2b-97a5cfe8e660,UNDER_REVIEW,APPROVED_DRAFT,2026-05-09T16:13:25Z,2026-05-10T14:16:05Z,1,0,2,A,CUSTOMER,a54d7772,,Leslie Howard,
ec73288a-6966-400d-b681-32b1702af3da,66c3b9a7-842d-5e2d-9d2b-97a5cfe8e660,APPROVED_DRAFT,APPROVED_CUSTOMER,2026-05-24T16:01:12Z,,,,2,A,CUSTOMER,418e03bf,,Leslie Howard,
d4de1563-7649-42b1-9bf5-e066057643a1,66c3b9a7-842d-5e2d-9d2b-97a5cfe8e660,APPROVED_CUSTOMER,APPROVED_FINAL,2026-06-03T08:47:24Z,,,,2,A,CUSTOMER,bfa5e6b9,,Leslie Howard,
