source_system,source_native_id,mdr_id,field_name,original_value,normalised_value,normalisation_rule,confidence,run_timestamp
Windchill,WCA-000001,PROJ1-ALPHAENG-ZZ-SH-IN-000001,discipline,INST,Instrumentation,DISCIPLINE_CODE_TO_NAME,HIGH,2026-05-14 15:43:18 UTC
Windchill,WCA-000001,PROJ1-ALPHAENG-ZZ-SH-IN-000001,canonical_status,Revised,REVISION_REQUIRED,STATUS_VOCABULARY,HIGH,2026-05-14 15:43:18 UTC
Windchill,WCA-000001,PROJ1-ALPHAENG-ZZ-SH-IN-000001,issue_date,2025-12-19T17:57:34Z,2025-12-19,DATETIME_TO_DATE,HIGH,2026-05-14 15:43:18 UTC
Windchill,WCA-000001,PROJ1-ALPHAENG-ZZ-SH-IN-000001,confidentiality_class,Internal,INTERNAL,CONFIDENTIALITY_VOCABULARY,HIGH,2026-05-14 15:43:18 UTC
Windchill,WCA-000002,PROJ1-ALPHAENG-ZZ-DS-ME-000001,discipline,MECH,Mechanical,DISCIPLINE_CODE_TO_NAME,HIGH,2026-05-14 15:43:18 UTC
Windchill,WCA-000002,PROJ1-ALPHAENG-ZZ-DS-ME-000001,canonical_status,Issued for Client,APPROVED_CUSTOMER,STATUS_VOCABULARY,HIGH,2026-05-14 15:43:18 UTC
Windchill,WCA-000002,PROJ1-ALPHAENG-ZZ-DS-ME-000001,issue_date,2025-04-14T18:55:00Z,2025-04-14,DATETIME_TO_DATE,HIGH,2026-05-14 15:43:18 UTC
Windchill,WCA-000002,PROJ1-ALPHAENG-ZZ-DS-ME-000001,confidentiality_class,Restricted,RESTRICTED,CONFIDENTIALITY_VOCABULARY,HIGH,2026-05-14 15:43:18 UTC
Windchill,WCA-000003,PROJ1-ALPHAENG-ZZ-CT-ME-000002,discipline,MECH,Mechanical,DISCIPLINE_CODE_TO_NAME,HIGH,2026-05-14 15:43:18 UTC
Windchill,WCA-000003,PROJ1-ALPHAENG-ZZ-CT-ME-000002,canonical_status,In Review,UNDER_REVIEW,STATUS_VOCABULARY,HIGH,2026-05-14 15:43:18 UTC
Windchill,WCA-000003,PROJ1-ALPHAENG-ZZ-CT-ME-000002,issue_date,2025-12-22T11:38:16Z,2025-12-22,DATETIME_TO_DATE,HIGH,2026-05-14 15:43:18 UTC
Windchill,WCA-000003,PROJ1-ALPHAENG-ZZ-CT-ME-000002,confidentiality_class,Restricted,RESTRICTED,CONFIDENTIALITY_VOCABULARY,HIGH,2026-05-14 15:43:18 UTC
Windchill,WCA-000004,PROJ1-ALPHAENG-ZZ-SH-ME-000003,discipline,MECH,Mechanical,DISCIPLINE_CODE_TO_NAME,HIGH,2026-05-14 15:43:18 UTC
Windchill,WCA-000004,PROJ1-ALPHAENG-ZZ-SH-ME-000003,canonical_status,Cancelled,ON_HOLD,STATUS_VOCABULARY,HIGH,2026-05-14 15:43:18 UTC
Windchill,WCA-000004,PROJ1-ALPHAENG-ZZ-SH-ME-000003,issue_date,2025-09-14T09:55:06Z,2025-09-14,DATETIME_TO_DATE,HIGH,2026-05-14 15:43:18 UTC
Windchill,WCA-000004,PROJ1-ALPHAENG-ZZ-SH-ME-000003,confidentiality_class,Internal,INTERNAL,CONFIDENTIALITY_VOCABULARY,HIGH,2026-05-14 15:43:18 UTC
Windchill,WCA-000005,PROJ1-ALPHAENG-ZZ-SH-ME-000004,discipline,MECH,Mechanical,DISCIPLINE_CODE_TO_NAME,HIGH,2026-05-14 15:43:18 UTC
Windchill,WCA-000005,PROJ1-ALPHAENG-ZZ-SH-ME-000004,canonical_status,In Review,UNDER_REVIEW,STATUS_VOCABULARY,HIGH,2026-05-14 15:43:18 UTC
Windchill,WCA-000005,PROJ1-ALPHAENG-ZZ-SH-ME-000004,issue_date,2025-11-18T12:17:59Z,2025-11-18,DATETIME_TO_DATE,HIGH,2026-05-14 15:43:18 UTC
Windchill,WCA-000005,PROJ1-ALPHAENG-ZZ-SH-ME-000004,confidentiality_class,Internal,INTERNAL,CONFIDENTIALITY_VOCABULARY,HIGH,2026-05-14 15:43:18 UTC
Windchill,WCA-000006,PROJ1-ALPHAENG-ZZ-SH-IN-000002,discipline,INST,Instrumentation,DISCIPLINE_CODE_TO_NAME,HIGH,2026-05-14 15:43:18 UTC
Windchill,WCA-000006,PROJ1-ALPHAENG-ZZ-SH-IN-000002,canonical_status,Cancelled,ON_HOLD,STATUS_VOCABULARY,HIGH,2026-05-14 15:43:18 UTC
Windchill,WCA-000006,PROJ1-ALPHAENG-ZZ-SH-IN-000002,issue_date,2026-01-07T15:56:45Z,2026-01-07,DATETIME_TO_DATE,HIGH,2026-05-14 15:43:18 UTC
Windchill,WCA-000006,PROJ1-ALPHAENG-ZZ-SH-IN-000002,confidentiality_class,Internal,INTERNAL,CONFIDENTIALITY_VOCABULARY,HIGH,2026-05-14 15:43:18 UTC
Windchill,WCA-000007,PROJ1-ALPHAENG-ZZ-CT-ME-000005,discipline,MECH,Mechanical,DISCIPLINE_CODE_TO_NAME,HIGH,2026-05-14 15:43:18 UTC
Windchill,WCA-000007,PROJ1-ALPHAENG-ZZ-CT-ME-000005,canonical_status,Issued for Client,APPROVED_CUSTOMER,STATUS_VOCABULARY,HIGH,2026-05-14 15:43:18 UTC
Windchill,WCA-000007,PROJ1-ALPHAENG-ZZ-CT-ME-000005,issue_date,2025-10-20T14:31:05Z,2025-10-20,DATETIME_TO_DATE,HIGH,2026-05-14 15:43:18 UTC
Windchill,WCA-000007,PROJ1-ALPHAENG-ZZ-CT-ME-000005,confidentiality_class,Confidential,CONFIDENTIAL,CONFIDENTIALITY_VOCABULARY,HIGH,2026-05-14 15:43:18 UTC
Windchill,WCA-000008,PROJ1-ALPHAENG-ZZ-RP-IN-000003,discipline,INST,Instrumentation,DISCIPLINE_CODE_TO_NAME,HIGH,2026-05-14 15:43:18 UTC
Windchill,WCA-000008,PROJ1-ALPHAENG-ZZ-RP-IN-000003,canonical_status,Issued for Client,APPROVED_CUSTOMER,STATUS_VOCABULARY,HIGH,2026-05-14 15:43:18 UTC
Windchill,WCA-000008,PROJ1-ALPHAENG-ZZ-RP-IN-000003,issue_date,2025-04-10T14:16:35Z,2025-04-10,DATETIME_TO_DATE,HIGH,2026-05-14 15:43:18 UTC
Windchill,WCA-000008,PROJ1-ALPHAENG-ZZ-RP-IN-000003,confidentiality_class,Confidential,CONFIDENTIAL,CONFIDENTIALITY_VOCABULARY,HIGH,2026-05-14 15:43:18 UTC
Windchill,WCA-000009,PROJ1-ALPHAENG-ZZ-RP-IN-000004,discipline,INST,Instrumentation,DISCIPLINE_CODE_TO_NAME,HIGH,2026-05-14 15:43:18 UTC
Windchill,WCA-000009,PROJ1-ALPHAENG-ZZ-RP-IN-000004,canonical_status,Baselined,APPROVED_DRAFT,STATUS_VOCABULARY,HIGH,2026-05-14 15:43:18 UTC
Windchill,WCA-000009,PROJ1-ALPHAENG-ZZ-RP-IN-000004,issue_date,2025-06-22T17:56:46Z,2025-06-22,DATETIME_TO_DATE,HIGH,2026-05-14 15:43:18 UTC
Windchill,WCA-000009,PROJ1-ALPHAENG-ZZ-RP-IN-000004,confidentiality_class,Confidential,CONFIDENTIAL,CONFIDENTIALITY_VOCABULARY,HIGH,2026-05-14 15:43:18 UTC
Windchill,WCA-000010,PROJ1-ALPHAENG-ZZ-DR-CI-000001,discipline,CIVIL,Civil,DISCIPLINE_CODE_TO_NAME,HIGH,2026-05-14 15:43:18 UTC
Windchill,WCA-000010,PROJ1-ALPHAENG-ZZ-DR-CI-000001,canonical_status,Cancelled,ON_HOLD,STATUS_VOCABULARY,HIGH,2026-05-14 15:43:18 UTC
Windchill,WCA-000010,PROJ1-ALPHAENG-ZZ-DR-CI-000001,issue_date,2025-05-14T06:38:20Z,2025-05-14,DATETIME_TO_DATE,HIGH,2026-05-14 15:43:18 UTC
Windchill,WCA-000010,PROJ1-ALPHAENG-ZZ-DR-CI-000001,confidentiality_class,Internal,INTERNAL,CONFIDENTIALITY_VOCABULARY,HIGH,2026-05-14 15:43:18 UTC
Windchill,WCA-000011,PROJ1-ALPHAENG-ZZ-DR-ME-000006,discipline,MECH,Mechanical,DISCIPLINE_CODE_TO_NAME,HIGH,2026-05-14 15:43:18 UTC
Windchill,WCA-000011,PROJ1-ALPHAENG-ZZ-DR-ME-000006,canonical_status,Authority Approved,APPROVED_AUTHORITY,STATUS_VOCABULARY,HIGH,2026-05-14 15:43:18 UTC
Windchill,WCA-000011,PROJ1-ALPHAENG-ZZ-DR-ME-000006,issue_date,2025-05-13T08:08:42Z,2025-05-13,DATETIME_TO_DATE,HIGH,2026-05-14 15:43:18 UTC
Windchill,WCA-000011,PROJ1-ALPHAENG-ZZ-DR-ME-000006,confidentiality_class,Confidential,CONFIDENTIAL,CONFIDENTIALITY_VOCABULARY,HIGH,2026-05-14 15:43:18 UTC
Windchill,WCA-000012,PROJ1-ALPHAENG-ZZ-RP-CI-000002,discipline,CIVIL,Civil,DISCIPLINE_CODE_TO_NAME,HIGH,2026-05-14 15:43:18 UTC
Windchill,WCA-000012,PROJ1-ALPHAENG-ZZ-RP-CI-000002,canonical_status,Cancelled,ON_HOLD,STATUS_VOCABULARY,HIGH,2026-05-14 15:43:18 UTC
Windchill,WCA-000012,PROJ1-ALPHAENG-ZZ-RP-CI-000002,issue_date,2025-06-30T14:28:07Z,2025-06-30,DATETIME_TO_DATE,HIGH,2026-05-14 15:43:18 UTC
Windchill,WCA-000012,PROJ1-ALPHAENG-ZZ-RP-CI-000002,confidentiality_class,Confidential,CONFIDENTIAL,CONFIDENTIALITY_VOCABULARY,HIGH,2026-05-14 15:43:18 UTC
Windchill,WCA-000013,PROJ1-ALPHAENG-ZZ-DS-IN-000005,discipline,INST,Instrumentation,DISCIPLINE_CODE_TO_NAME,HIGH,2026-05-14 15:43:18 UTC
Windchill,WCA-000013,PROJ1-ALPHAENG-ZZ-DS-IN-000005,canonical_status,In Review,UNDER_REVIEW,STATUS_VOCABULARY,HIGH,2026-05-14 15:43:18 UTC
Windchill,WCA-000013,PROJ1-ALPHAENG-ZZ-DS-IN-000005,issue_date,2026-01-24T11:04:32Z,2026-01-24,DATETIME_TO_DATE,HIGH,2026-05-14 15:43:18 UTC
Windchill,WCA-000013,PROJ1-ALPHAENG-ZZ-DS-IN-000005,confidentiality_class,Restricted,RESTRICTED,CONFIDENTIALITY_VOCABULARY,HIGH,2026-05-14 15:43:18 UTC
Windchill,WCA-000014,PROJ1-ALPHAENG-ZZ-DR-EL-000001,discipline,ELEC,Electrical,DISCIPLINE_CODE_TO_NAME,HIGH,2026-05-14 15:43:18 UTC
Windchill,WCA-000014,PROJ1-ALPHAENG-ZZ-DR-EL-000001,canonical_status,Issued for Client,APPROVED_CUSTOMER,STATUS_VOCABULARY,HIGH,2026-05-14 15:43:18 UTC
Windchill,WCA-000014,PROJ1-ALPHAENG-ZZ-DR-EL-000001,issue_date,2025-12-22T12:22:27Z,2025-12-22,DATETIME_TO_DATE,HIGH,2026-05-14 15:43:18 UTC
Windchill,WCA-000014,PROJ1-ALPHAENG-ZZ-DR-EL-000001,confidentiality_class,Internal,INTERNAL,CONFIDENTIALITY_VOCABULARY,HIGH,2026-05-14 15:43:18 UTC
Windchill,WCA-000015,PROJ1-ALPHAENG-ZZ-SH-ME-000007,discipline,MECH,Mechanical,DISCIPLINE_CODE_TO_NAME,HIGH,2026-05-14 15:43:18 UTC
Windchill,WCA-000015,PROJ1-ALPHAENG-ZZ-SH-ME-000007,canonical_status,Revised,REVISION_REQUIRED,STATUS_VOCABULARY,HIGH,2026-05-14 15:43:18 UTC
Windchill,WCA-000015,PROJ1-ALPHAENG-ZZ-SH-ME-000007,issue_date,2025-06-25T12:11:17Z,2025-06-25,DATETIME_TO_DATE,HIGH,2026-05-14 15:43:18 UTC
Windchill,WCA-000015,PROJ1-ALPHAENG-ZZ-SH-ME-000007,confidentiality_class,Internal,INTERNAL,CONFIDENTIALITY_VOCABULARY,HIGH,2026-05-14 15:43:18 UTC
Windchill,WCB-000001,PROJ1-BETAKONS-ZZ-DR-CI-000003,discipline,CIVIL,Civil,DISCIPLINE_CODE_TO_NAME,HIGH,2026-05-14 15:43:18 UTC
Windchill,WCB-000001,PROJ1-BETAKONS-ZZ-DR-CI-000003,canonical_status,In Review,UNDER_REVIEW,STATUS_VOCABULARY,HIGH,2026-05-14 15:43:18 UTC
Windchill,WCB-000001,PROJ1-BETAKONS-ZZ-DR-CI-000003,issue_date,2025-07-16T13:13:55Z,2025-07-16,DATETIME_TO_DATE,HIGH,2026-05-14 15:43:18 UTC
Windchill,WCB-000001,PROJ1-BETAKONS-ZZ-DR-CI-000003,confidentiality_class,Restricted,RESTRICTED,CONFIDENTIALITY_VOCABULARY,HIGH,2026-05-14 15:43:18 UTC
Windchill,WCB-000002,PROJ1-BETAKONS-ZZ-DR-CI-000004,discipline,CIVIL,Civil,DISCIPLINE_CODE_TO_NAME,HIGH,2026-05-14 15:43:18 UTC
Windchill,WCB-000002,PROJ1-BETAKONS-ZZ-DR-CI-000004,canonical_status,Issued for Client,APPROVED_CUSTOMER,STATUS_VOCABULARY,HIGH,2026-05-14 15:43:18 UTC
Windchill,WCB-000002,PROJ1-BETAKONS-ZZ-DR-CI-000004,issue_date,2025-06-05T09:18:13Z,2025-06-05,DATETIME_TO_DATE,HIGH,2026-05-14 15:43:18 UTC
Windchill,WCB-000002,PROJ1-BETAKONS-ZZ-DR-CI-000004,confidentiality_class,Internal,INTERNAL,CONFIDENTIALITY_VOCABULARY,HIGH,2026-05-14 15:43:18 UTC
Windchill,WCB-000003,PROJ1-BETAKONS-ZZ-DS-ME-000008,discipline,MECH,Mechanical,DISCIPLINE_CODE_TO_NAME,HIGH,2026-05-14 15:43:18 UTC
Windchill,WCB-000003,PROJ1-BETAKONS-ZZ-DS-ME-000008,canonical_status,In Review,UNDER_REVIEW,STATUS_VOCABULARY,HIGH,2026-05-14 15:43:18 UTC
Windchill,WCB-000003,PROJ1-BETAKONS-ZZ-DS-ME-000008,issue_date,2025-04-11T16:55:15Z,2025-04-11,DATETIME_TO_DATE,HIGH,2026-05-14 15:43:18 UTC
Windchill,WCB-000003,PROJ1-BETAKONS-ZZ-DS-ME-000008,confidentiality_class,Restricted,RESTRICTED,CONFIDENTIALITY_VOCABULARY,HIGH,2026-05-14 15:43:18 UTC
Windchill,WCB-000004,PROJ1-BETAKONS-ZZ-SH-IN-000006,discipline,INST,Instrumentation,DISCIPLINE_CODE_TO_NAME,HIGH,2026-05-14 15:43:18 UTC
Windchill,WCB-000004,PROJ1-BETAKONS-ZZ-SH-IN-000006,canonical_status,Cancelled,ON_HOLD,STATUS_VOCABULARY,HIGH,2026-05-14 15:43:18 UTC
Windchill,WCB-000004,PROJ1-BETAKONS-ZZ-SH-IN-000006,issue_date,2025-09-02T10:25:08Z,2025-09-02,DATETIME_TO_DATE,HIGH,2026-05-14 15:43:18 UTC
Windchill,WCB-000004,PROJ1-BETAKONS-ZZ-SH-IN-000006,confidentiality_class,Restricted,RESTRICTED,CONFIDENTIALITY_VOCABULARY,HIGH,2026-05-14 15:43:18 UTC
Windchill,WCB-000005,PROJ1-BETAKONS-ZZ-DS-ME-000009,discipline,MECH,Mechanical,DISCIPLINE_CODE_TO_NAME,HIGH,2026-05-14 15:43:18 UTC
Windchill,WCB-000005,PROJ1-BETAKONS-ZZ-DS-ME-000009,canonical_status,Baselined,APPROVED_DRAFT,STATUS_VOCABULARY,HIGH,2026-05-14 15:43:18 UTC
Windchill,WCB-000005,PROJ1-BETAKONS-ZZ-DS-ME-000009,issue_date,2026-01-05T09:23:18Z,2026-01-05,DATETIME_TO_DATE,HIGH,2026-05-14 15:43:18 UTC
Windchill,WCB-000005,PROJ1-BETAKONS-ZZ-DS-ME-000009,confidentiality_class,Confidential,CONFIDENTIAL,CONFIDENTIALITY_VOCABULARY,HIGH,2026-05-14 15:43:18 UTC
Windchill,WCB-000006,PROJ1-BETAKONS-ZZ-DR-EL-000002,discipline,ELEC,Electrical,DISCIPLINE_CODE_TO_NAME,HIGH,2026-05-14 15:43:18 UTC
Windchill,WCB-000006,PROJ1-BETAKONS-ZZ-DR-EL-000002,canonical_status,In Review,UNDER_REVIEW,STATUS_VOCABULARY,HIGH,2026-05-14 15:43:18 UTC
Windchill,WCB-000006,PROJ1-BETAKONS-ZZ-DR-EL-000002,issue_date,2025-12-17T14:09:17Z,2025-12-17,DATETIME_TO_DATE,HIGH,2026-05-14 15:43:18 UTC
Windchill,WCB-000006,PROJ1-BETAKONS-ZZ-DR-EL-000002,confidentiality_class,Confidential,CONFIDENTIAL,CONFIDENTIALITY_VOCABULARY,HIGH,2026-05-14 15:43:18 UTC
Windchill,WCB-000007,PROJ1-BETAKONS-ZZ-RP-ME-000010,discipline,MECHANICAL,Mechanical,DISCIPLINE_CODE_TO_NAME,MEDIUM,2026-05-14 15:43:18 UTC
Windchill,WCB-000007,PROJ1-BETAKONS-ZZ-RP-ME-000010,canonical_status,In Work,IN_PROGRESS,STATUS_VOCABULARY,HIGH,2026-05-14 15:43:18 UTC
Windchill,WCB-000007,PROJ1-BETAKONS-ZZ-RP-ME-000010,issue_date,2025-09-21T06:21:49Z,2025-09-21,DATETIME_TO_DATE,HIGH,2026-05-14 15:43:18 UTC
Windchill,WCB-000007,PROJ1-BETAKONS-ZZ-RP-ME-000010,confidentiality_class,Confidential,CONFIDENTIAL,CONFIDENTIALITY_VOCABULARY,HIGH,2026-05-14 15:43:18 UTC
Windchill,WCB-000008,PROJ1-BETAKONS-ZZ-DR-ME-000011,discipline,MECHANICAL,Mechanical,DISCIPLINE_CODE_TO_NAME,MEDIUM,2026-05-14 15:43:18 UTC
Windchill,WCB-000008,PROJ1-BETAKONS-ZZ-DR-ME-000011,canonical_status,In Review,UNDER_REVIEW,STATUS_VOCABULARY,HIGH,2026-05-14 15:43:18 UTC
Windchill,WCB-000008,PROJ1-BETAKONS-ZZ-DR-ME-000011,issue_date,2026-01-22T11:37:35Z,2026-01-22,DATETIME_TO_DATE,HIGH,2026-05-14 15:43:18 UTC
Windchill,WCB-000008,PROJ1-BETAKONS-ZZ-DR-ME-000011,confidentiality_class,Restricted,RESTRICTED,CONFIDENTIALITY_VOCABULARY,HIGH,2026-05-14 15:43:18 UTC
Windchill,WCB-000009,PROJ1-BETAKONS-ZZ-DR-CI-000005,discipline,CIVIL,Civil,DISCIPLINE_CODE_TO_NAME,HIGH,2026-05-14 15:43:18 UTC
Windchill,WCB-000009,PROJ1-BETAKONS-ZZ-DR-CI-000005,canonical_status,Revised,REVISION_REQUIRED,STATUS_VOCABULARY,HIGH,2026-05-14 15:43:18 UTC
Windchill,WCB-000009,PROJ1-BETAKONS-ZZ-DR-CI-000005,issue_date,2025-04-29T12:39:47Z,2025-04-29,DATETIME_TO_DATE,HIGH,2026-05-14 15:43:18 UTC
Windchill,WCB-000009,PROJ1-BETAKONS-ZZ-DR-CI-000005,confidentiality_class,Restricted,RESTRICTED,CONFIDENTIALITY_VOCABULARY,HIGH,2026-05-14 15:43:18 UTC
Windchill,WCB-000010,PROJ1-BETAKONS-ZZ-SP-CI-000006,discipline,CIVIL,Civil,DISCIPLINE_CODE_TO_NAME,HIGH,2026-05-14 15:43:18 UTC
Windchill,WCB-000010,PROJ1-BETAKONS-ZZ-SP-CI-000006,canonical_status,Released,APPROVED_FINAL,STATUS_VOCABULARY,HIGH,2026-05-14 15:43:18 UTC
Windchill,WCB-000010,PROJ1-BETAKONS-ZZ-SP-CI-000006,issue_date,2025-08-23T12:51:42Z,2025-08-23,DATETIME_TO_DATE,HIGH,2026-05-14 15:43:18 UTC
Windchill,WCB-000010,PROJ1-BETAKONS-ZZ-SP-CI-000006,confidentiality_class,Confidential,CONFIDENTIAL,CONFIDENTIALITY_VOCABULARY,HIGH,2026-05-14 15:43:18 UTC
Windchill,WCB-000011,PROJ1-BETAKONS-ZZ-DR-CI-000007,discipline,CIVIL,Civil,DISCIPLINE_CODE_TO_NAME,HIGH,2026-05-14 15:43:18 UTC
Windchill,WCB-000011,PROJ1-BETAKONS-ZZ-DR-CI-000007,canonical_status,Authority Approved,APPROVED_AUTHORITY,STATUS_VOCABULARY,HIGH,2026-05-14 15:43:18 UTC
Windchill,WCB-000011,PROJ1-BETAKONS-ZZ-DR-CI-000007,issue_date,2025-06-19T10:52:50Z,2025-06-19,DATETIME_TO_DATE,HIGH,2026-05-14 15:43:18 UTC
Windchill,WCB-000011,PROJ1-BETAKONS-ZZ-DR-CI-000007,confidentiality_class,Restricted,RESTRICTED,CONFIDENTIALITY_VOCABULARY,HIGH,2026-05-14 15:43:18 UTC
Windchill,WCB-000012,PROJ1-BETAKONS-ZZ-SH-EL-000003,discipline,ELEC,Electrical,DISCIPLINE_CODE_TO_NAME,HIGH,2026-05-14 15:43:18 UTC
Windchill,WCB-000012,PROJ1-BETAKONS-ZZ-SH-EL-000003,canonical_status,Issued for Client,APPROVED_CUSTOMER,STATUS_VOCABULARY,HIGH,2026-05-14 15:43:18 UTC
Windchill,WCB-000012,PROJ1-BETAKONS-ZZ-SH-EL-000003,issue_date,2026-01-26T10:11:37Z,2026-01-26,DATETIME_TO_DATE,HIGH,2026-05-14 15:43:18 UTC
Windchill,WCB-000012,PROJ1-BETAKONS-ZZ-SH-EL-000003,confidentiality_class,Confidential,CONFIDENTIAL,CONFIDENTIALITY_VOCABULARY,HIGH,2026-05-14 15:43:18 UTC
Windchill,WCB-000013,PROJ1-BETAKONS-ZZ-RP-IN-000007,discipline,INST,Instrumentation,DISCIPLINE_CODE_TO_NAME,HIGH,2026-05-14 15:43:18 UTC
Windchill,WCB-000013,PROJ1-BETAKONS-ZZ-RP-IN-000007,canonical_status,Issued for Client,APPROVED_CUSTOMER,STATUS_VOCABULARY,HIGH,2026-05-14 15:43:18 UTC
Windchill,WCB-000013,PROJ1-BETAKONS-ZZ-RP-IN-000007,issue_date,2025-04-20T10:02:45Z,2025-04-20,DATETIME_TO_DATE,HIGH,2026-05-14 15:43:18 UTC
Windchill,WCB-000013,PROJ1-BETAKONS-ZZ-RP-IN-000007,confidentiality_class,Confidential,CONFIDENTIAL,CONFIDENTIALITY_VOCABULARY,HIGH,2026-05-14 15:43:18 UTC
Windchill,WCB-000014,PROJ1-BETAKONS-ZZ-SH-EL-000004,discipline,ELEC,Electrical,DISCIPLINE_CODE_TO_NAME,HIGH,2026-05-14 15:43:18 UTC
Windchill,WCB-000014,PROJ1-BETAKONS-ZZ-SH-EL-000004,canonical_status,In Review,UNDER_REVIEW,STATUS_VOCABULARY,HIGH,2026-05-14 15:43:18 UTC
Windchill,WCB-000014,PROJ1-BETAKONS-ZZ-SH-EL-000004,issue_date,2025-09-02T07:46:57Z,2025-09-02,DATETIME_TO_DATE,HIGH,2026-05-14 15:43:18 UTC
Windchill,WCB-000014,PROJ1-BETAKONS-ZZ-SH-EL-000004,confidentiality_class,Confidential,CONFIDENTIAL,CONFIDENTIALITY_VOCABULARY,HIGH,2026-05-14 15:43:18 UTC
Windchill,WCB-000015,PROJ1-BETAKONS-ZZ-DR-EL-000005,discipline,ELEC,Electrical,DISCIPLINE_CODE_TO_NAME,HIGH,2026-05-14 15:43:18 UTC
Windchill,WCB-000015,PROJ1-BETAKONS-ZZ-DR-EL-000005,canonical_status,Issued for Client,APPROVED_CUSTOMER,STATUS_VOCABULARY,HIGH,2026-05-14 15:43:18 UTC
Windchill,WCB-000015,PROJ1-BETAKONS-ZZ-DR-EL-000005,issue_date,2025-11-12T15:19:25Z,2025-11-12,DATETIME_TO_DATE,HIGH,2026-05-14 15:43:18 UTC
Windchill,WCB-000015,PROJ1-BETAKONS-ZZ-DR-EL-000005,confidentiality_class,Internal,INTERNAL,CONFIDENTIALITY_VOCABULARY,HIGH,2026-05-14 15:43:18 UTC
SharePoint,4508,PROJ1-GAMMAEPC-ZZ-RP-IN-000008,discipline,Instrumentation & Control,Instrumentation,DISCIPLINE_DEPT_TO_NAME,HIGH,2026-05-14 15:43:18 UTC
SharePoint,4508,PROJ1-GAMMAEPC-ZZ-RP-IN-000008,canonical_status,Approved,APPROVED_DRAFT,STATUS_VOCABULARY,HIGH,2026-05-14 15:43:18 UTC
SharePoint,4508,PROJ1-GAMMAEPC-ZZ-RP-IN-000008,revision,1.0,A,REVISION_DECIMAL_TO_ALPHA,HIGH,2026-05-14 15:43:18 UTC
SharePoint,4508,PROJ1-GAMMAEPC-ZZ-RP-IN-000008,issue_date,12/13/2025,2025-12-13,DATE_FORMAT_MMDDYYYY,HIGH,2026-05-14 15:43:18 UTC
SharePoint,4508,PROJ1-GAMMAEPC-ZZ-RP-IN-000008,confidentiality_class,Confidential,CONFIDENTIAL,CONFIDENTIALITY_VOCABULARY,HIGH,2026-05-14 15:43:18 UTC
SharePoint,4508,PROJ1-GAMMAEPC-ZZ-RP-IN-000008,approval_class,Authority,AUTHORITY,APPROVAL_TYPE_TO_CLASS,HIGH,2026-05-14 15:43:18 UTC
SharePoint,4508,PROJ1-GAMMAEPC-ZZ-RP-IN-000008,file_format,pdf,PDF,FILE_FORMAT_UPPERCASE,HIGH,2026-05-14 15:43:18 UTC
SharePoint,4516,PROJ1-GAMMAEPC-ZZ-RP-CI-000008,discipline,Civil & Structural,Civil,DISCIPLINE_DEPT_TO_NAME,HIGH,2026-05-14 15:43:18 UTC
SharePoint,4516,PROJ1-GAMMAEPC-ZZ-RP-CI-000008,canonical_status,Client Approved,APPROVED_CUSTOMER,STATUS_VOCABULARY,HIGH,2026-05-14 15:43:18 UTC
SharePoint,4516,PROJ1-GAMMAEPC-ZZ-RP-CI-000008,revision,1.0,A,REVISION_DECIMAL_TO_ALPHA,HIGH,2026-05-14 15:43:18 UTC
SharePoint,4516,PROJ1-GAMMAEPC-ZZ-RP-CI-000008,issue_date,01/26/2026,2026-01-26,DATE_FORMAT_MMDDYYYY,HIGH,2026-05-14 15:43:18 UTC
SharePoint,4516,PROJ1-GAMMAEPC-ZZ-RP-CI-000008,confidentiality_class,Confidential,CONFIDENTIAL,CONFIDENTIALITY_VOCABULARY,HIGH,2026-05-14 15:43:18 UTC
SharePoint,4516,PROJ1-GAMMAEPC-ZZ-RP-CI-000008,approval_class,Authority,AUTHORITY,APPROVAL_TYPE_TO_CLASS,HIGH,2026-05-14 15:43:18 UTC
SharePoint,4516,PROJ1-GAMMAEPC-ZZ-RP-CI-000008,file_format,pdf,PDF,FILE_FORMAT_UPPERCASE,HIGH,2026-05-14 15:43:18 UTC
SharePoint,4525,PROJ1-GAMMAEPC-ZZ-DR-ME-000012,discipline,Mechanical Engineering,Mechanical,DISCIPLINE_DEPT_TO_NAME,HIGH,2026-05-14 15:43:18 UTC
SharePoint,4525,PROJ1-GAMMAEPC-ZZ-DR-ME-000012,canonical_status,Under Review,UNDER_REVIEW,STATUS_VOCABULARY,HIGH,2026-05-14 15:43:18 UTC
SharePoint,4525,PROJ1-GAMMAEPC-ZZ-DR-ME-000012,revision,2.0,B,REVISION_DECIMAL_TO_ALPHA,HIGH,2026-05-14 15:43:18 UTC
SharePoint,4525,PROJ1-GAMMAEPC-ZZ-DR-ME-000012,issue_date,12/11/2025,2025-12-11,DATE_FORMAT_MMDDYYYY,HIGH,2026-05-14 15:43:18 UTC
SharePoint,4525,PROJ1-GAMMAEPC-ZZ-DR-ME-000012,confidentiality_class,Internal Use Only,INTERNAL,CONFIDENTIALITY_VOCABULARY,HIGH,2026-05-14 15:43:18 UTC
SharePoint,4525,PROJ1-GAMMAEPC-ZZ-DR-ME-000012,approval_class,Internal,INTERNAL,APPROVAL_TYPE_TO_CLASS,HIGH,2026-05-14 15:43:18 UTC
SharePoint,4525,PROJ1-GAMMAEPC-ZZ-DR-ME-000012,file_format,pdf,PDF,FILE_FORMAT_UPPERCASE,HIGH,2026-05-14 15:43:18 UTC
SharePoint,4534,PROJ1-GAMMAEPC-ZZ-DS-IN-000009,discipline,Instrumentation & Control,Instrumentation,DISCIPLINE_DEPT_TO_NAME,HIGH,2026-05-14 15:43:18 UTC
SharePoint,4534,PROJ1-GAMMAEPC-ZZ-DS-IN-000009,canonical_status,Pending Review,SUBMITTED,STATUS_VOCABULARY,HIGH,2026-05-14 15:43:18 UTC
SharePoint,4534,PROJ1-GAMMAEPC-ZZ-DS-IN-000009,revision,1.0,A,REVISION_DECIMAL_TO_ALPHA,HIGH,2026-05-14 15:43:18 UTC
SharePoint,4534,PROJ1-GAMMAEPC-ZZ-DS-IN-000009,issue_date,10/30/2025,2025-10-30,DATE_FORMAT_MMDDYYYY,HIGH,2026-05-14 15:43:18 UTC
SharePoint,4534,PROJ1-GAMMAEPC-ZZ-DS-IN-000009,confidentiality_class,Internal Use Only,INTERNAL,CONFIDENTIALITY_VOCABULARY,HIGH,2026-05-14 15:43:18 UTC
SharePoint,4534,PROJ1-GAMMAEPC-ZZ-DS-IN-000009,approval_class,Internal,INTERNAL,APPROVAL_TYPE_TO_CLASS,HIGH,2026-05-14 15:43:18 UTC
SharePoint,4534,PROJ1-GAMMAEPC-ZZ-DS-IN-000009,file_format,pdf,PDF,FILE_FORMAT_UPPERCASE,HIGH,2026-05-14 15:43:18 UTC
SharePoint,4536,PROJ1-GAMMAEPC-ZZ-DR-CI-000009,discipline,Civil & Structural,Civil,DISCIPLINE_DEPT_TO_NAME,HIGH,2026-05-14 15:43:18 UTC
SharePoint,4536,PROJ1-GAMMAEPC-ZZ-DR-CI-000009,canonical_status,Final Approved,APPROVED_FINAL,STATUS_VOCABULARY,HIGH,2026-05-14 15:43:18 UTC
SharePoint,4536,PROJ1-GAMMAEPC-ZZ-DR-CI-000009,revision,1.0,A,REVISION_DECIMAL_TO_ALPHA,HIGH,2026-05-14 15:43:18 UTC
SharePoint,4536,PROJ1-GAMMAEPC-ZZ-DR-CI-000009,issue_date,04/20/2025,2025-04-20,DATE_FORMAT_MMDDYYYY,HIGH,2026-05-14 15:43:18 UTC
SharePoint,4536,PROJ1-GAMMAEPC-ZZ-DR-CI-000009,confidentiality_class,Confidential,CONFIDENTIAL,CONFIDENTIALITY_VOCABULARY,HIGH,2026-05-14 15:43:18 UTC
SharePoint,4536,PROJ1-GAMMAEPC-ZZ-DR-CI-000009,approval_class,Certification,CERTIFICATION,APPROVAL_TYPE_TO_CLASS,HIGH,2026-05-14 15:43:18 UTC
SharePoint,4536,PROJ1-GAMMAEPC-ZZ-DR-CI-000009,file_format,dwg,DWG,FILE_FORMAT_UPPERCASE,HIGH,2026-05-14 15:43:18 UTC
SharePoint,4546,PROJ1-GAMMAEPC-ZZ-DS-ME-000013,discipline,Mechanical Engineering,Mechanical,DISCIPLINE_DEPT_TO_NAME,HIGH,2026-05-14 15:43:18 UTC
SharePoint,4546,PROJ1-GAMMAEPC-ZZ-DS-ME-000013,canonical_status,Draft,IN_PROGRESS,STATUS_VOCABULARY,HIGH,2026-05-14 15:43:18 UTC
SharePoint,4546,PROJ1-GAMMAEPC-ZZ-DS-ME-000013,revision,1.0,A,REVISION_DECIMAL_TO_ALPHA,HIGH,2026-05-14 15:43:18 UTC
SharePoint,4546,PROJ1-GAMMAEPC-ZZ-DS-ME-000013,issue_date,07/18/2025,2025-07-18,DATE_FORMAT_MMDDYYYY,HIGH,2026-05-14 15:43:18 UTC
SharePoint,4546,PROJ1-GAMMAEPC-ZZ-DS-ME-000013,confidentiality_class,Confidential,CONFIDENTIAL,CONFIDENTIALITY_VOCABULARY,HIGH,2026-05-14 15:43:18 UTC
SharePoint,4546,PROJ1-GAMMAEPC-ZZ-DS-ME-000013,approval_class,Certification,CERTIFICATION,APPROVAL_TYPE_TO_CLASS,HIGH,2026-05-14 15:43:18 UTC
SharePoint,4546,PROJ1-GAMMAEPC-ZZ-DS-ME-000013,file_format,pdf,PDF,FILE_FORMAT_UPPERCASE,HIGH,2026-05-14 15:43:18 UTC
SharePoint,4553,PROJ1-GAMMAEPC-ZZ-RP-CI-000010,discipline,Civil & Structural,Civil,DISCIPLINE_DEPT_TO_NAME,HIGH,2026-05-14 15:43:18 UTC
SharePoint,4553,PROJ1-GAMMAEPC-ZZ-RP-CI-000010,canonical_status,Rejected,REVISION_REQUIRED,STATUS_VOCABULARY,HIGH,2026-05-14 15:43:18 UTC
SharePoint,4553,PROJ1-GAMMAEPC-ZZ-RP-CI-000010,revision,1.1,A,REVISION_DECIMAL_TO_ALPHA,HIGH,2026-05-14 15:43:18 UTC
SharePoint,4553,PROJ1-GAMMAEPC-ZZ-RP-CI-000010,issue_date,12/01/2025,2025-12-01,DATE_FORMAT_MMDDYYYY,HIGH,2026-05-14 15:43:18 UTC
SharePoint,4553,PROJ1-GAMMAEPC-ZZ-RP-CI-000010,confidentiality_class,Confidential,CONFIDENTIAL,CONFIDENTIALITY_VOCABULARY,HIGH,2026-05-14 15:43:18 UTC
SharePoint,4553,PROJ1-GAMMAEPC-ZZ-RP-CI-000010,approval_class,Authority,AUTHORITY,APPROVAL_TYPE_TO_CLASS,HIGH,2026-05-14 15:43:18 UTC
SharePoint,4553,PROJ1-GAMMAEPC-ZZ-RP-CI-000010,file_format,pdf,PDF,FILE_FORMAT_UPPERCASE,HIGH,2026-05-14 15:43:18 UTC
SharePoint,4558,PROJ1-GAMMAEPC-ZZ-DR-ME-000014,discipline,Mechanical Engineering,Mechanical,DISCIPLINE_DEPT_TO_NAME,HIGH,2026-05-14 15:43:18 UTC
SharePoint,4558,PROJ1-GAMMAEPC-ZZ-DR-ME-000014,canonical_status,Draft,IN_PROGRESS,STATUS_VOCABULARY,HIGH,2026-05-14 15:43:18 UTC
SharePoint,4558,PROJ1-GAMMAEPC-ZZ-DR-ME-000014,revision,1.0,A,REVISION_DECIMAL_TO_ALPHA,HIGH,2026-05-14 15:43:18 UTC
SharePoint,4558,PROJ1-GAMMAEPC-ZZ-DR-ME-000014,issue_date,07/03/2025,2025-07-03,DATE_FORMAT_MMDDYYYY,HIGH,2026-05-14 15:43:18 UTC
SharePoint,4558,PROJ1-GAMMAEPC-ZZ-DR-ME-000014,confidentiality_class,Internal Use Only,INTERNAL,CONFIDENTIALITY_VOCABULARY,HIGH,2026-05-14 15:43:18 UTC
SharePoint,4558,PROJ1-GAMMAEPC-ZZ-DR-ME-000014,approval_class,Client,CUSTOMER,APPROVAL_TYPE_TO_CLASS,HIGH,2026-05-14 15:43:18 UTC
SharePoint,4558,PROJ1-GAMMAEPC-ZZ-DR-ME-000014,file_format,pdf,PDF,FILE_FORMAT_UPPERCASE,HIGH,2026-05-14 15:43:18 UTC
SharePoint,4564,PROJ1-GAMMAEPC-ZZ-DS-ME-000015,discipline,Mechanical Engineering,Mechanical,DISCIPLINE_DEPT_TO_NAME,HIGH,2026-05-14 15:43:18 UTC
SharePoint,4564,PROJ1-GAMMAEPC-ZZ-DS-ME-000015,canonical_status,Client Approved,APPROVED_CUSTOMER,STATUS_VOCABULARY,HIGH,2026-05-14 15:43:18 UTC
SharePoint,4564,PROJ1-GAMMAEPC-ZZ-DS-ME-000015,revision,1.0,A,REVISION_DECIMAL_TO_ALPHA,HIGH,2026-05-14 15:43:18 UTC
SharePoint,4564,PROJ1-GAMMAEPC-ZZ-DS-ME-000015,issue_date,06/06/2025,2025-06-06,DATE_FORMAT_MMDDYYYY,HIGH,2026-05-14 15:43:18 UTC
SharePoint,4564,PROJ1-GAMMAEPC-ZZ-DS-ME-000015,confidentiality_class,Internal Use Only,INTERNAL,CONFIDENTIALITY_VOCABULARY,HIGH,2026-05-14 15:43:18 UTC
SharePoint,4564,PROJ1-GAMMAEPC-ZZ-DS-ME-000015,approval_class,Certification,CERTIFICATION,APPROVAL_TYPE_TO_CLASS,HIGH,2026-05-14 15:43:18 UTC
SharePoint,4564,PROJ1-GAMMAEPC-ZZ-DS-ME-000015,file_format,pdf,PDF,FILE_FORMAT_UPPERCASE,HIGH,2026-05-14 15:43:18 UTC
SharePoint,4565,PROJ1-GAMMAEPC-ZZ-SH-CI-000011,discipline,Civil & Structural,Civil,DISCIPLINE_DEPT_TO_NAME,HIGH,2026-05-14 15:43:18 UTC
SharePoint,4565,PROJ1-GAMMAEPC-ZZ-SH-CI-000011,canonical_status,Draft,IN_PROGRESS,STATUS_VOCABULARY,HIGH,2026-05-14 15:43:18 UTC
SharePoint,4565,PROJ1-GAMMAEPC-ZZ-SH-CI-000011,revision,1.0,A,REVISION_DECIMAL_TO_ALPHA,HIGH,2026-05-14 15:43:18 UTC
SharePoint,4565,PROJ1-GAMMAEPC-ZZ-SH-CI-000011,issue_date,01/27/2026,2026-01-27,DATE_FORMAT_MMDDYYYY,HIGH,2026-05-14 15:43:18 UTC
SharePoint,4565,PROJ1-GAMMAEPC-ZZ-SH-CI-000011,confidentiality_class,Internal Use Only,INTERNAL,CONFIDENTIALITY_VOCABULARY,HIGH,2026-05-14 15:43:18 UTC
SharePoint,4565,PROJ1-GAMMAEPC-ZZ-SH-CI-000011,approval_class,Client,CUSTOMER,APPROVAL_TYPE_TO_CLASS,HIGH,2026-05-14 15:43:18 UTC
SharePoint,4565,PROJ1-GAMMAEPC-ZZ-SH-CI-000011,file_format,xlsx,XLSX,FILE_FORMAT_UPPERCASE,HIGH,2026-05-14 15:43:18 UTC
SharePoint,4570,PROJ1-GAMMAEPC-ZZ-DS-ME-000016,discipline,Mechanical Engineering,Mechanical,DISCIPLINE_DEPT_TO_NAME,HIGH,2026-05-14 15:43:18 UTC
SharePoint,4570,PROJ1-GAMMAEPC-ZZ-DS-ME-000016,canonical_status,On Hold,ON_HOLD,STATUS_VOCABULARY,HIGH,2026-05-14 15:43:18 UTC
SharePoint,4570,PROJ1-GAMMAEPC-ZZ-DS-ME-000016,revision,1.0,A,REVISION_DECIMAL_TO_ALPHA,HIGH,2026-05-14 15:43:18 UTC
SharePoint,4570,PROJ1-GAMMAEPC-ZZ-DS-ME-000016,issue_date,12/02/2025,2025-12-02,DATE_FORMAT_MMDDYYYY,HIGH,2026-05-14 15:43:18 UTC
SharePoint,4570,PROJ1-GAMMAEPC-ZZ-DS-ME-000016,confidentiality_class,Internal Use Only,INTERNAL,CONFIDENTIALITY_VOCABULARY,HIGH,2026-05-14 15:43:18 UTC
SharePoint,4570,PROJ1-GAMMAEPC-ZZ-DS-ME-000016,approval_class,Certification,CERTIFICATION,APPROVAL_TYPE_TO_CLASS,HIGH,2026-05-14 15:43:18 UTC
SharePoint,4570,PROJ1-GAMMAEPC-ZZ-DS-ME-000016,file_format,pdf,PDF,FILE_FORMAT_UPPERCASE,HIGH,2026-05-14 15:43:18 UTC
SharePoint,4579,PROJ1-GAMMAEPC-ZZ-DS-ME-000017,discipline,Mechanical Engineering,Mechanical,DISCIPLINE_DEPT_TO_NAME,HIGH,2026-05-14 15:43:18 UTC
SharePoint,4579,PROJ1-GAMMAEPC-ZZ-DS-ME-000017,canonical_status,Under Review,UNDER_REVIEW,STATUS_VOCABULARY,HIGH,2026-05-14 15:43:18 UTC
SharePoint,4579,PROJ1-GAMMAEPC-ZZ-DS-ME-000017,revision,1.0,A,REVISION_DECIMAL_TO_ALPHA,HIGH,2026-05-14 15:43:18 UTC
SharePoint,4579,PROJ1-GAMMAEPC-ZZ-DS-ME-000017,issue_date,10/13/2025,2025-10-13,DATE_FORMAT_MMDDYYYY,HIGH,2026-05-14 15:43:18 UTC
SharePoint,4579,PROJ1-GAMMAEPC-ZZ-DS-ME-000017,confidentiality_class,Internal Use Only,INTERNAL,CONFIDENTIALITY_VOCABULARY,HIGH,2026-05-14 15:43:18 UTC
SharePoint,4579,PROJ1-GAMMAEPC-ZZ-DS-ME-000017,approval_class,Internal,INTERNAL,APPROVAL_TYPE_TO_CLASS,HIGH,2026-05-14 15:43:18 UTC
SharePoint,4579,PROJ1-GAMMAEPC-ZZ-DS-ME-000017,file_format,pdf,PDF,FILE_FORMAT_UPPERCASE,HIGH,2026-05-14 15:43:18 UTC
SharePoint,4586,PROJ1-GAMMAEPC-ZZ-RP-IN-000010,discipline,Instrumentation & Control,Instrumentation,DISCIPLINE_DEPT_TO_NAME,HIGH,2026-05-14 15:43:18 UTC
SharePoint,4586,PROJ1-GAMMAEPC-ZZ-RP-IN-000010,canonical_status,Pending Review,SUBMITTED,STATUS_VOCABULARY,HIGH,2026-05-14 15:43:18 UTC
SharePoint,4586,PROJ1-GAMMAEPC-ZZ-RP-IN-000010,revision,2.0,B,REVISION_DECIMAL_TO_ALPHA,HIGH,2026-05-14 15:43:18 UTC
SharePoint,4586,PROJ1-GAMMAEPC-ZZ-RP-IN-000010,issue_date,06/13/2025,2025-06-13,DATE_FORMAT_MMDDYYYY,HIGH,2026-05-14 15:43:18 UTC
SharePoint,4586,PROJ1-GAMMAEPC-ZZ-RP-IN-000010,confidentiality_class,Confidential,CONFIDENTIAL,CONFIDENTIALITY_VOCABULARY,HIGH,2026-05-14 15:43:18 UTC
SharePoint,4586,PROJ1-GAMMAEPC-ZZ-RP-IN-000010,approval_class,Authority,AUTHORITY,APPROVAL_TYPE_TO_CLASS,HIGH,2026-05-14 15:43:18 UTC
SharePoint,4586,PROJ1-GAMMAEPC-ZZ-RP-IN-000010,file_format,pdf,PDF,FILE_FORMAT_UPPERCASE,HIGH,2026-05-14 15:43:18 UTC
SharePoint,4587,PROJ1-GAMMAEPC-ZZ-DR-EL-000006,discipline,Electrical Engineering,Electrical,DISCIPLINE_DEPT_TO_NAME,HIGH,2026-05-14 15:43:18 UTC
SharePoint,4587,PROJ1-GAMMAEPC-ZZ-DR-EL-000006,canonical_status,Approved,APPROVED_DRAFT,STATUS_VOCABULARY,HIGH,2026-05-14 15:43:18 UTC
SharePoint,4587,PROJ1-GAMMAEPC-ZZ-DR-EL-000006,revision,1.1,A,REVISION_DECIMAL_TO_ALPHA,HIGH,2026-05-14 15:43:18 UTC
SharePoint,4587,PROJ1-GAMMAEPC-ZZ-DR-EL-000006,issue_date,06/05/2025,2025-06-05,DATE_FORMAT_MMDDYYYY,HIGH,2026-05-14 15:43:18 UTC
SharePoint,4587,PROJ1-GAMMAEPC-ZZ-DR-EL-000006,confidentiality_class,Internal Use Only,INTERNAL,CONFIDENTIALITY_VOCABULARY,HIGH,2026-05-14 15:43:18 UTC
SharePoint,4587,PROJ1-GAMMAEPC-ZZ-DR-EL-000006,approval_class,Internal,INTERNAL,APPROVAL_TYPE_TO_CLASS,HIGH,2026-05-14 15:43:18 UTC
SharePoint,4587,PROJ1-GAMMAEPC-ZZ-DR-EL-000006,file_format,dwg,DWG,FILE_FORMAT_UPPERCASE,HIGH,2026-05-14 15:43:18 UTC
SharePoint,4595,PROJ1-GAMMAEPC-ZZ-SH-IN-000011,discipline,Instrumentation & Control,Instrumentation,DISCIPLINE_DEPT_TO_NAME,HIGH,2026-05-14 15:43:18 UTC
SharePoint,4595,PROJ1-GAMMAEPC-ZZ-SH-IN-000011,canonical_status,Approved,APPROVED_DRAFT,STATUS_VOCABULARY,HIGH,2026-05-14 15:43:18 UTC
SharePoint,4595,PROJ1-GAMMAEPC-ZZ-SH-IN-000011,revision,1.0,A,REVISION_DECIMAL_TO_ALPHA,HIGH,2026-05-14 15:43:18 UTC
SharePoint,4595,PROJ1-GAMMAEPC-ZZ-SH-IN-000011,issue_date,07/28/2025,2025-07-28,DATE_FORMAT_MMDDYYYY,HIGH,2026-05-14 15:43:18 UTC
SharePoint,4595,PROJ1-GAMMAEPC-ZZ-SH-IN-000011,confidentiality_class,Confidential,CONFIDENTIAL,CONFIDENTIALITY_VOCABULARY,HIGH,2026-05-14 15:43:18 UTC
SharePoint,4595,PROJ1-GAMMAEPC-ZZ-SH-IN-000011,approval_class,Client,CUSTOMER,APPROVAL_TYPE_TO_CLASS,HIGH,2026-05-14 15:43:18 UTC
SharePoint,4595,PROJ1-GAMMAEPC-ZZ-SH-IN-000011,file_format,pdf,PDF,FILE_FORMAT_UPPERCASE,HIGH,2026-05-14 15:43:18 UTC
SharePoint,4597,PROJ1-GAMMAEPC-ZZ-RP-IN-000012,discipline,Instrumentation & Control,Instrumentation,DISCIPLINE_DEPT_TO_NAME,HIGH,2026-05-14 15:43:18 UTC
SharePoint,4597,PROJ1-GAMMAEPC-ZZ-RP-IN-000012,canonical_status,Client Approved,APPROVED_CUSTOMER,STATUS_VOCABULARY,HIGH,2026-05-14 15:43:18 UTC
SharePoint,4597,PROJ1-GAMMAEPC-ZZ-RP-IN-000012,revision,1.1,A,REVISION_DECIMAL_TO_ALPHA,HIGH,2026-05-14 15:43:18 UTC
SharePoint,4597,PROJ1-GAMMAEPC-ZZ-RP-IN-000012,issue_date,09/17/2025,2025-09-17,DATE_FORMAT_MMDDYYYY,HIGH,2026-05-14 15:43:18 UTC
SharePoint,4597,PROJ1-GAMMAEPC-ZZ-RP-IN-000012,confidentiality_class,Confidential,CONFIDENTIAL,CONFIDENTIALITY_VOCABULARY,HIGH,2026-05-14 15:43:18 UTC
SharePoint,4597,PROJ1-GAMMAEPC-ZZ-RP-IN-000012,approval_class,Authority,AUTHORITY,APPROVAL_TYPE_TO_CLASS,HIGH,2026-05-14 15:43:18 UTC
SharePoint,4597,PROJ1-GAMMAEPC-ZZ-RP-IN-000012,file_format,pdf,PDF,FILE_FORMAT_UPPERCASE,HIGH,2026-05-14 15:43:18 UTC
SharePoint,4608,PROJ1-GAMMAEPC-ZZ-RP-CI-000012,discipline,Civil & Structural,Civil,DISCIPLINE_DEPT_TO_NAME,HIGH,2026-05-14 15:43:18 UTC
SharePoint,4608,PROJ1-GAMMAEPC-ZZ-RP-CI-000012,canonical_status,Client Approved,APPROVED_CUSTOMER,STATUS_VOCABULARY,HIGH,2026-05-14 15:43:18 UTC
SharePoint,4608,PROJ1-GAMMAEPC-ZZ-RP-CI-000012,revision,1.0,A,REVISION_DECIMAL_TO_ALPHA,HIGH,2026-05-14 15:43:18 UTC
SharePoint,4608,PROJ1-GAMMAEPC-ZZ-RP-CI-000012,issue_date,06/10/2025,2025-06-10,DATE_FORMAT_MMDDYYYY,HIGH,2026-05-14 15:43:18 UTC
SharePoint,4608,PROJ1-GAMMAEPC-ZZ-RP-CI-000012,confidentiality_class,Confidential,CONFIDENTIAL,CONFIDENTIALITY_VOCABULARY,HIGH,2026-05-14 15:43:18 UTC
SharePoint,4608,PROJ1-GAMMAEPC-ZZ-RP-CI-000012,approval_class,Certification,CERTIFICATION,APPROVAL_TYPE_TO_CLASS,HIGH,2026-05-14 15:43:18 UTC
SharePoint,4608,PROJ1-GAMMAEPC-ZZ-RP-CI-000012,file_format,pdf,PDF,FILE_FORMAT_UPPERCASE,HIGH,2026-05-14 15:43:18 UTC
SharePoint,4614,PROJ1-GAMMAEPC-ZZ-DR-EL-000007,discipline,Electrical Engineering,Electrical,DISCIPLINE_DEPT_TO_NAME,HIGH,2026-05-14 15:43:18 UTC
SharePoint,4614,PROJ1-GAMMAEPC-ZZ-DR-EL-000007,canonical_status,Client Approved,APPROVED_CUSTOMER,STATUS_VOCABULARY,HIGH,2026-05-14 15:43:18 UTC
SharePoint,4614,PROJ1-GAMMAEPC-ZZ-DR-EL-000007,revision,1.1,A,REVISION_DECIMAL_TO_ALPHA,HIGH,2026-05-14 15:43:18 UTC
SharePoint,4614,PROJ1-GAMMAEPC-ZZ-DR-EL-000007,issue_date,11/27/2025,2025-11-27,DATE_FORMAT_MMDDYYYY,HIGH,2026-05-14 15:43:18 UTC
SharePoint,4614,PROJ1-GAMMAEPC-ZZ-DR-EL-000007,confidentiality_class,Internal Use Only,INTERNAL,CONFIDENTIALITY_VOCABULARY,HIGH,2026-05-14 15:43:18 UTC
SharePoint,4614,PROJ1-GAMMAEPC-ZZ-DR-EL-000007,approval_class,Certification,CERTIFICATION,APPROVAL_TYPE_TO_CLASS,HIGH,2026-05-14 15:43:18 UTC
SharePoint,4614,PROJ1-GAMMAEPC-ZZ-DR-EL-000007,file_format,dwg,DWG,FILE_FORMAT_UPPERCASE,HIGH,2026-05-14 15:43:18 UTC
SharePoint,4626,PROJ1-GAMMAEPC-ZZ-DS-ME-000018,discipline,Mechanical Engineering,Mechanical,DISCIPLINE_DEPT_TO_NAME,HIGH,2026-05-14 15:43:18 UTC
SharePoint,4626,PROJ1-GAMMAEPC-ZZ-DS-ME-000018,canonical_status,Draft,IN_PROGRESS,STATUS_VOCABULARY,HIGH,2026-05-14 15:43:18 UTC
SharePoint,4626,PROJ1-GAMMAEPC-ZZ-DS-ME-000018,revision,1.0,A,REVISION_DECIMAL_TO_ALPHA,HIGH,2026-05-14 15:43:18 UTC
SharePoint,4626,PROJ1-GAMMAEPC-ZZ-DS-ME-000018,issue_date,12/10/2025,2025-12-10,DATE_FORMAT_MMDDYYYY,HIGH,2026-05-14 15:43:18 UTC
SharePoint,4626,PROJ1-GAMMAEPC-ZZ-DS-ME-000018,confidentiality_class,Confidential,CONFIDENTIAL,CONFIDENTIALITY_VOCABULARY,HIGH,2026-05-14 15:43:18 UTC
SharePoint,4626,PROJ1-GAMMAEPC-ZZ-DS-ME-000018,approval_class,Certification,CERTIFICATION,APPROVAL_TYPE_TO_CLASS,HIGH,2026-05-14 15:43:18 UTC
SharePoint,4626,PROJ1-GAMMAEPC-ZZ-DS-ME-000018,file_format,pdf,PDF,FILE_FORMAT_UPPERCASE,HIGH,2026-05-14 15:43:18 UTC
SharePoint,4638,PROJ1-GAMMAEPC-ZZ-DR-CI-000013,discipline,Civil & Structural,Civil,DISCIPLINE_DEPT_TO_NAME,HIGH,2026-05-14 15:43:18 UTC
SharePoint,4638,PROJ1-GAMMAEPC-ZZ-DR-CI-000013,canonical_status,Draft,IN_PROGRESS,STATUS_VOCABULARY,HIGH,2026-05-14 15:43:18 UTC
SharePoint,4638,PROJ1-GAMMAEPC-ZZ-DR-CI-000013,revision,1.1,A,REVISION_DECIMAL_TO_ALPHA,HIGH,2026-05-14 15:43:18 UTC
SharePoint,4638,PROJ1-GAMMAEPC-ZZ-DR-CI-000013,issue_date,08/01/2025,2025-08-01,DATE_FORMAT_MMDDYYYY,HIGH,2026-05-14 15:43:18 UTC
SharePoint,4638,PROJ1-GAMMAEPC-ZZ-DR-CI-000013,confidentiality_class,Internal Use Only,INTERNAL,CONFIDENTIALITY_VOCABULARY,HIGH,2026-05-14 15:43:18 UTC
SharePoint,4638,PROJ1-GAMMAEPC-ZZ-DR-CI-000013,approval_class,Client,CUSTOMER,APPROVAL_TYPE_TO_CLASS,HIGH,2026-05-14 15:43:18 UTC
SharePoint,4638,PROJ1-GAMMAEPC-ZZ-DR-CI-000013,file_format,pdf,PDF,FILE_FORMAT_UPPERCASE,HIGH,2026-05-14 15:43:18 UTC
Aveva,AVA-000001,PROJ1-DELTATECH-ZZ-CT-ME-000019,canonical_status,Returned for Comment,REVISION_REQUIRED,STATUS_VOCABULARY,HIGH,2026-05-14 15:43:18 UTC
Aveva,AVA-000001,PROJ1-DELTATECH-ZZ-CT-ME-000019,revision,0,A,REVISION_INTEGER_TO_ALPHA,HIGH,2026-05-14 15:43:18 UTC
Aveva,AVA-000001,PROJ1-DELTATECH-ZZ-CT-ME-000019,issue_date,04.01.2026,2026-01-04,DATE_FORMAT_DDMMYYYY,HIGH,2026-05-14 15:43:18 UTC
Aveva,AVA-000001,PROJ1-DELTATECH-ZZ-CT-ME-000019,confidentiality_class,Restricted,RESTRICTED,CONFIDENTIALITY_VOCABULARY,HIGH,2026-05-14 15:43:18 UTC
Aveva,AVA-000002,PROJ1-DELTATECH-ZZ-SH-ME-000020,canonical_status,Superseded,SUPERSEDED,STATUS_VOCABULARY,HIGH,2026-05-14 15:43:18 UTC
Aveva,AVA-000002,PROJ1-DELTATECH-ZZ-SH-ME-000020,revision,0,A,REVISION_INTEGER_TO_ALPHA,HIGH,2026-05-14 15:43:18 UTC
Aveva,AVA-000002,PROJ1-DELTATECH-ZZ-SH-ME-000020,issue_date,28.12.2025,2025-12-28,DATE_FORMAT_DDMMYYYY,HIGH,2026-05-14 15:43:18 UTC
Aveva,AVA-000002,PROJ1-DELTATECH-ZZ-SH-ME-000020,confidentiality_class,Highly Confidential,CONFIDENTIAL,CONFIDENTIALITY_VOCABULARY,HIGH,2026-05-14 15:43:18 UTC
Aveva,AVA-000003,PROJ1-DELTATECH-ZZ-RP-IN-000013,discipline,I&C,Instrumentation,DISCIPLINE_AVEVA_TO_NAME,MEDIUM,2026-05-14 15:43:18 UTC
Aveva,AVA-000003,PROJ1-DELTATECH-ZZ-RP-IN-000013,canonical_status,For Information,APPROVED_DRAFT,STATUS_VOCABULARY,HIGH,2026-05-14 15:43:18 UTC
Aveva,AVA-000003,PROJ1-DELTATECH-ZZ-RP-IN-000013,revision,1,B,REVISION_INTEGER_TO_ALPHA,HIGH,2026-05-14 15:43:18 UTC
Aveva,AVA-000003,PROJ1-DELTATECH-ZZ-RP-IN-000013,issue_date,13.10.2025,2025-10-13,DATE_FORMAT_DDMMYYYY,HIGH,2026-05-14 15:43:18 UTC
Aveva,AVA-000003,PROJ1-DELTATECH-ZZ-RP-IN-000013,confidentiality_class,Highly Confidential,CONFIDENTIAL,CONFIDENTIALITY_VOCABULARY,HIGH,2026-05-14 15:43:18 UTC
Aveva,AVA-000004,PROJ1-DELTATECH-ZZ-RP-IN-000014,discipline,I&C,Instrumentation,DISCIPLINE_AVEVA_TO_NAME,MEDIUM,2026-05-14 15:43:18 UTC
Aveva,AVA-000004,PROJ1-DELTATECH-ZZ-RP-IN-000014,canonical_status,For Information,APPROVED_DRAFT,STATUS_VOCABULARY,HIGH,2026-05-14 15:43:18 UTC
Aveva,AVA-000004,PROJ1-DELTATECH-ZZ-RP-IN-000014,revision,1,B,REVISION_INTEGER_TO_ALPHA,HIGH,2026-05-14 15:43:18 UTC
Aveva,AVA-000004,PROJ1-DELTATECH-ZZ-RP-IN-000014,issue_date,11.12.2025,2025-12-11,DATE_FORMAT_DDMMYYYY,HIGH,2026-05-14 15:43:18 UTC
Aveva,AVA-000004,PROJ1-DELTATECH-ZZ-RP-IN-000014,confidentiality_class,Highly Confidential,CONFIDENTIAL,CONFIDENTIALITY_VOCABULARY,HIGH,2026-05-14 15:43:18 UTC
Aveva,AVA-000005,PROJ1-DELTATECH-ZZ-RP-IN-000015,discipline,I&C,Instrumentation,DISCIPLINE_AVEVA_TO_NAME,MEDIUM,2026-05-14 15:43:18 UTC
Aveva,AVA-000005,PROJ1-DELTATECH-ZZ-RP-IN-000015,canonical_status,Certified,APPROVED_CERTIFICATION,STATUS_VOCABULARY,HIGH,2026-05-14 15:43:18 UTC
Aveva,AVA-000005,PROJ1-DELTATECH-ZZ-RP-IN-000015,revision,1,B,REVISION_INTEGER_TO_ALPHA,HIGH,2026-05-14 15:43:18 UTC
Aveva,AVA-000005,PROJ1-DELTATECH-ZZ-RP-IN-000015,issue_date,27.06.2025,2025-06-27,DATE_FORMAT_DDMMYYYY,HIGH,2026-05-14 15:43:18 UTC
Aveva,AVA-000005,PROJ1-DELTATECH-ZZ-RP-IN-000015,confidentiality_class,Highly Confidential,CONFIDENTIAL,CONFIDENTIALITY_VOCABULARY,HIGH,2026-05-14 15:43:18 UTC
Aveva,AVA-000006,PROJ1-DELTATECH-ZZ-DS-ME-000021,canonical_status,For Information,APPROVED_DRAFT,STATUS_VOCABULARY,HIGH,2026-05-14 15:43:18 UTC
Aveva,AVA-000006,PROJ1-DELTATECH-ZZ-DS-ME-000021,revision,1,B,REVISION_INTEGER_TO_ALPHA,HIGH,2026-05-14 15:43:18 UTC
Aveva,AVA-000006,PROJ1-DELTATECH-ZZ-DS-ME-000021,issue_date,05.04.2025,2025-04-05,DATE_FORMAT_DDMMYYYY,HIGH,2026-05-14 15:43:18 UTC
Aveva,AVA-000006,PROJ1-DELTATECH-ZZ-DS-ME-000021,confidentiality_class,Confidential,CONFIDENTIAL,CONFIDENTIALITY_VOCABULARY,HIGH,2026-05-14 15:43:18 UTC
Aveva,AVA-000007,PROJ1-DELTATECH-ZZ-DS-ME-000022,canonical_status,Returned for Comment,REVISION_REQUIRED,STATUS_VOCABULARY,HIGH,2026-05-14 15:43:18 UTC
Aveva,AVA-000007,PROJ1-DELTATECH-ZZ-DS-ME-000022,revision,0,A,REVISION_INTEGER_TO_ALPHA,HIGH,2026-05-14 15:43:18 UTC
Aveva,AVA-000007,PROJ1-DELTATECH-ZZ-DS-ME-000022,issue_date,03.01.2026,2026-01-03,DATE_FORMAT_DDMMYYYY,HIGH,2026-05-14 15:43:18 UTC
Aveva,AVA-000007,PROJ1-DELTATECH-ZZ-DS-ME-000022,confidentiality_class,Confidential,CONFIDENTIAL,CONFIDENTIALITY_VOCABULARY,HIGH,2026-05-14 15:43:18 UTC
Aveva,AVA-000008,PROJ1-DELTATECH-ZZ-SH-CI-000014,discipline,Civil & Structural,Civil,DISCIPLINE_AVEVA_TO_NAME,MEDIUM,2026-05-14 15:43:18 UTC
Aveva,AVA-000008,PROJ1-DELTATECH-ZZ-SH-CI-000014,canonical_status,Issued for Review,SUBMITTED,STATUS_VOCABULARY,HIGH,2026-05-14 15:43:18 UTC
Aveva,AVA-000008,PROJ1-DELTATECH-ZZ-SH-CI-000014,revision,0,A,REVISION_INTEGER_TO_ALPHA,HIGH,2026-05-14 15:43:18 UTC
Aveva,AVA-000008,PROJ1-DELTATECH-ZZ-SH-CI-000014,issue_date,31.05.2025,2025-05-31,DATE_FORMAT_DDMMYYYY,HIGH,2026-05-14 15:43:18 UTC
Aveva,AVA-000008,PROJ1-DELTATECH-ZZ-SH-CI-000014,confidentiality_class,Unrestricted,PUBLIC,CONFIDENTIALITY_VOCABULARY,HIGH,2026-05-14 15:43:18 UTC
Aveva,AVA-000009,PROJ1-DELTATECH-ZZ-SH-IN-000016,discipline,I&C,Instrumentation,DISCIPLINE_AVEVA_TO_NAME,MEDIUM,2026-05-14 15:43:18 UTC
Aveva,AVA-000009,PROJ1-DELTATECH-ZZ-SH-IN-000016,canonical_status,For Information,APPROVED_DRAFT,STATUS_VOCABULARY,HIGH,2026-05-14 15:43:18 UTC
Aveva,AVA-000009,PROJ1-DELTATECH-ZZ-SH-IN-000016,revision,2,C,REVISION_INTEGER_TO_ALPHA,HIGH,2026-05-14 15:43:18 UTC
Aveva,AVA-000009,PROJ1-DELTATECH-ZZ-SH-IN-000016,issue_date,02.08.2025,2025-08-02,DATE_FORMAT_DDMMYYYY,HIGH,2026-05-14 15:43:18 UTC
Aveva,AVA-000009,PROJ1-DELTATECH-ZZ-SH-IN-000016,confidentiality_class,Highly Confidential,CONFIDENTIAL,CONFIDENTIALITY_VOCABULARY,HIGH,2026-05-14 15:43:18 UTC
Aveva,AVA-000010,PROJ1-DELTATECH-ZZ-DR-ME-000023,canonical_status,For Information,APPROVED_DRAFT,STATUS_VOCABULARY,HIGH,2026-05-14 15:43:18 UTC
Aveva,AVA-000010,PROJ1-DELTATECH-ZZ-DR-ME-000023,revision,0,A,REVISION_INTEGER_TO_ALPHA,HIGH,2026-05-14 15:43:18 UTC
Aveva,AVA-000010,PROJ1-DELTATECH-ZZ-DR-ME-000023,issue_date,01.05.2025,2025-05-01,DATE_FORMAT_DDMMYYYY,HIGH,2026-05-14 15:43:18 UTC
Aveva,AVA-000010,PROJ1-DELTATECH-ZZ-DR-ME-000023,confidentiality_class,Unrestricted,PUBLIC,CONFIDENTIALITY_VOCABULARY,HIGH,2026-05-14 15:43:18 UTC
